"CLOUD_COVER";"GEOMETRIC_RMSE_MODEL";"GEOMETRIC_RMSE_MODEL_X";"GEOMETRIC_RMSE_MODEL_Y";"index";"SATELLITE";"SOLAR_AZIMUTH_ANGLE";"SOLAR_ZENITH_ANGLE";"WRS_PATH";"WRS_ROW";"year";"Date";"index_type"
0,01;9,053;7,155;5,546;0,822258787252682;"LANDSAT_8";39,861382;41,537659;223;66;2013;2013-06-09;"NDVI TEI 567027-C"
1,12;8,588;6,753;5,305;0,779602978234508;"LANDSAT_8";40,282486;42,363762;223;66;2013;2013-06-25;"NDVI TEI 567027-C"
0;8,579;6,826;5,196;0,736440959363125;"LANDSAT_8";42,385014;41,88113;223;66;2013;2013-07-11;"NDVI TEI 567027-C"
1,45;8,476;6,774;5,095;0,638551554749379;"LANDSAT_8";50,851921;37,053654;223;66;2013;2013-08-12;"NDVI TEI 567027-C"
0,01;8,463;6,786;5,057;0,588053376744168;"LANDSAT_8";57,442669;33,254436;223;66;2013;2013-08-28;"NDVI TEI 567027-C"
3,17;8,974;7,125;5,455;0,650318278088917;"LANDSAT_8";77,891266;25,823647;223;66;2013;2013-09-29;"NDVI TEI 567027-C"
0;9,157;7,199;5,66;0,790937864973086;"LANDSAT_8";40,372986;42,133789;223;66;2014;2014-06-12;"NDVI TEI 567027-C"
6,88;8,734;7,056;5,147;0,720607433415353;"LANDSAT_8";43,407818;42,021435;223;66;2014;2014-07-14;"NDVI TEI 567027-C"
1,86;8,762;7,039;5,219;0,67795146749465;"LANDSAT_8";47,16209;39,984501;223;66;2014;2014-07-30;"NDVI TEI 567027-C"
0;8,945;7,378;5,058;0,62319090815394;"LANDSAT_8";52,334061;36,826172;223;66;2014;2014-08-15;"NDVI TEI 567027-C"
9,11;9,39;7,682;5,4;0,681571620229188;"LANDSAT_8";68,42852;29,006077;223;66;2014;2014-09-16;"NDVI TEI 567027-C"
0,28;9,17;7,066;5,844;0,810646963722703;"LANDSAT_8";41,404537;40,851189;223;66;2015;2015-05-30;"NDVI TEI 567027-C"
5,3;9,201;7,164;5,774;0,783327513219501;"LANDSAT_8";40,469868;42,395061;223;66;2015;2015-06-15;"NDVI TEI 567027-C"
0;9,033;7,217;5,432;0,724619690653908;"LANDSAT_8";44,042629;41,823967;223;66;2015;2015-07-17;"NDVI TEI 567027-C"
0;8,794;6,919;5,428;0,677239948740777;"LANDSAT_8";48,020329;39,569389;223;66;2015;2015-08-02;"NDVI TEI 567027-C"
0;8,536;6,654;5,346;0,634773679641184;"LANDSAT_8";53,455566;36,25338;223;66;2015;2015-08-18;"NDVI TEI 567027-C"
0,54;8,848;7,079;5,308;0,603438866694868;"LANDSAT_8";60,687901;32,316612;223;66;2015;2015-09-03;"NDVI TEI 567027-C"
0,09;8,92;7,316;5,104;0,607737768952439;"LANDSAT_8";70,329971;28,423492;223;66;2015;2015-09-19;"NDVI TEI 567027-C"
0,21;9,032;7,279;5,347;0,451537063527262;"LANDSAT_8";82,727135;25,400063;223;66;2015;2015-10-05;"NDVI TEI 567027-C"
1,41;9,165;7,287;5,558;0,478250893156036;"LANDSAT_8";96,828125;24,041763;223;66;2015;2015-10-21;"NDVI TEI 567027-C"
3,43;9,22;6,941;6,068;0,756851700355591;"LANDSAT_8";103,463684;31,560776;223;66;2016;2016-02-10;"NDVI TEI 567027-C"
1;9,264;7,185;5,848;0,829163806123332;"LANDSAT_8";43,788235;38,845612;223;66;2016;2016-05-16;"NDVI TEI 567027-C"
1,83;8,727;6,767;5,51;0,810592734773031;"LANDSAT_8";40,394749;42,471741;223;66;2016;2016-06-17;"NDVI TEI 567027-C"
0;8,893;6,876;5,639;0,779157580200529;"LANDSAT_8";41,690498;42,631371;223;66;2016;2016-07-03;"NDVI TEI 567027-C"
0;8,899;7,073;5,401;0,728438728389789;"LANDSAT_8";44,525513;41,448513;223;66;2016;2016-07-19;"NDVI TEI 567027-C"
0;8,934;6,903;5,671;0,693653229542437;"LANDSAT_8";48,750393;38,989616;223;66;2016;2016-08-04;"NDVI TEI 567027-C"
5,14;8,748;6,74;5,576;0,627125937193026;"LANDSAT_8";54,46497;35,527973;223;66;2016;2016-08-20;"NDVI TEI 567027-C"
0,08;9,071;7,35;5,315;0,587845812082968;"LANDSAT_8";62,083248;31,54903;223;66;2016;2016-09-05;"NDVI TEI 567027-C"
1,7;9,233;7,13;5,866;0,829173538765927;"LANDSAT_8";99,233124;23,942055;223;66;2016;2016-10-23;"NDVI TEI 567027-C"
0,12;9,48;7,328;6,014;0,77051397266755;"LANDSAT_8";48,146221;36,655979;223;66;2017;2017-05-03;"NDVI TEI 567027-C"
12,79;9,613;7,086;6,496;0,803742544662485;"LANDSAT_8";43,128284;39,282784;223;66;2017;2017-05-19;"NDVI TEI 567027-C"
8,58;9,357;7,41;5,714;0,74917399463806;"LANDSAT_8";40,508995;42,600277;223;66;2017;2017-06-20;"NDVI TEI 567027-C"
0;9,051;7,022;5,711;0,724549945064378;"LANDSAT_8";42,093647;42,53669;223;66;2017;2017-07-06;"NDVI TEI 567027-C"
2,95;9,104;7,09;5,711;0,682139336936058;"LANDSAT_8";45,17329;41,123631;223;66;2017;2017-07-22;"NDVI TEI 567027-C"
1,17;9,131;7,339;5,432;0,591798617541995;"LANDSAT_8";55,650166;34,880295;223;66;2017;2017-08-23;"NDVI TEI 567027-C"
4,95;8,879;6,919;5,564;0,380255429325127;"LANDSAT_8";63,65202;30,875648;223;66;2017;2017-09-08;"NDVI TEI 567027-C"
1,93;9,297;7,439;5,575;0,388884183029559;"LANDSAT_8";74,265434;27,187992;223;66;2017;2017-09-24;"NDVI TEI 567027-C"
9,17;9,146;6,678;6,249;0,852572020545547;"LANDSAT_8";88,593369;30,966377;223;66;2018;2018-03-03;"NDVI TEI 567027-C"
0,01;9,288;7,128;5,956;0,830993775016921;"LANDSAT_8";47,150749;37,16785;223;66;2018;2018-05-06;"NDVI TEI 567027-C"
8,24;8,85;6,569;5,93;0,776340197034332;"LANDSAT_8";40,734879;41,828705;223;66;2018;2018-06-07;"NDVI TEI 567027-C"
0;8,866;6,743;5,755;0,770432266747666;"LANDSAT_8";40,846138;42,806698;223;66;2018;2018-06-23;"NDVI TEI 567027-C"
0;9,135;7,103;5,745;0,732320575135;"LANDSAT_8";42,688072;42,505852;223;66;2018;2018-07-09;"NDVI TEI 567027-C"
0,99;9,128;6,817;6,07;0,689081955215746;"LANDSAT_8";46,000771;40,866608;223;66;2018;2018-07-25;"NDVI TEI 567027-C"
5,62;9,283;7,226;5,827;0,560376570491859;"LANDSAT_8";65,390244;30,310036;223;66;2018;2018-09-11;"NDVI TEI 567027-C"
0,77;9,16;6,92;6,001;0,825208358332393;"LANDSAT_8";46,087643;37,578091;223;66;2019;2019-05-09;"NDVI TEI 567027-C"
3,07;9,45;7,457;5,804;0,784433757169294;"LANDSAT_8";40,408348;41,947231;223;66;2019;2019-06-10;"NDVI TEI 567027-C"
0;9,12;7,26;5,519;0,776434193644944;"LANDSAT_8";40,853188;42,717926;223;66;2019;2019-06-26;"NDVI TEI 567027-C"
0;8,84;7,007;5,39;0,743841817007375;"LANDSAT_8";42,979294;42,189018;223;66;2019;2019-07-12;"NDVI TEI 567027-C"
0,22;9,234;7,534;5,339;0,705046980030744;"LANDSAT_8";46,533131;40,320995;223;66;2019;2019-07-28;"NDVI TEI 567027-C"
0,31;8,88;7,016;5,445;0,654724266138454;"LANDSAT_8";51,497524;37,295666;223;66;2019;2019-08-13;"NDVI TEI 567027-C"
0,05;9,149;7,149;5,71;0,610649511540168;"LANDSAT_8";58,121357;33,488621;223;66;2019;2019-08-29;"NDVI TEI 567027-C"
0,39;9,435;7,359;5,904;0,575899783217175;"LANDSAT_8";66,959335;29,49461;223;66;2019;2019-09-14;"NDVI TEI 567027-C"
12,63;9,356;6,654;6,578;0,825295331825271;"LANDSAT_8";45,231758;38,064034;223;66;2020;2020-05-11;"NDVI TEI 567027-C"
0;9,217;6,891;6,121;0,789923461589027;"LANDSAT_8";40,381138;42,185982;223;66;2020;2020-06-12;"NDVI TEI 567027-C"
0;9,011;7,038;5,627;0,760765837615532;"LANDSAT_8";41,141487;42,746819;223;66;2020;2020-06-28;"NDVI TEI 567027-C"
0,01;9,137;7,081;5,775;0,724993638125609;"LANDSAT_8";43,517551;41,97879;223;66;2020;2020-07-14;"NDVI TEI 567027-C"
0;9;7,147;5,471;0,68187049716518;"LANDSAT_8";47,313473;39,895908;223;66;2020;2020-07-30;"NDVI TEI 567027-C"
0;8,799;6,82;5,56;0,643031684028093;"LANDSAT_8";52,52998;36,700417;223;66;2020;2020-08-15;"NDVI TEI 567027-C"
0;8,919;6,985;5,545;0,400607940616014;"LANDSAT_8";68,770477;28,862339;223;66;2020;2020-09-16;"NDVI TEI 567027-C"
0,78;8,792;6,677;5,72;0,474671239004682;"LANDSAT_8";80,830208;25,665871;223;66;2020;2020-10-02;"NDVI TEI 567027-C"
0;3,782;2,534;2,807;0,708303568430198;"LANDSAT_7";44,800785;43,371544;223;66;1999;1999-07-13;"NDVI TEI 567027-C"
1;4,356;3,056;3,104;0,665539751056169;"LANDSAT_7";48,442184;41,531284;223;66;1999;1999-07-29;"NDVI TEI 567027-C"
0;3,864;2,448;2,99;0,594634726266954;"LANDSAT_7";53,505936;38,566036;223;66;1999;1999-08-14;"NDVI TEI 567027-C"
0;3,917;2,45;3,056;0,598515179054943;"LANDSAT_7";60,191265;34,865536;223;66;1999;1999-08-30;"NDVI TEI 567027-C"
10;3,922;2,348;3,141;0,551662186013293;"LANDSAT_7";80,183395;27,806328;223;66;1999;1999-10-01;"NDVI TEI 567027-C"
14;3,939;2,625;2,937;0,733849517282036;"LANDSAT_7";93,24025;26,016376;223;66;1999;1999-10-17;"NDVI TEI 567027-C"
5;4,888;3,205;3,691;0,807678390162301;"LANDSAT_7";72,559723;33,212631;223;66;2000;2000-03-25;"NDVI TEI 567027-C"
8;4,969;2,918;4,022;0,774480743864117;"LANDSAT_7";46,813961;39,505764;223;66;2000;2000-05-12;"NDVI TEI 567027-C"
0;2,623;1,071;2,394;0,657232207363951;"LANDSAT_7";54,927845;38,333965;223;66;2000;2000-08-16;"NDVI TEI 567027-C"
4;4,065;2,958;2,789;0,778394177729775;"LANDSAT_7";95,495972;26,529404;223;66;2000;2000-10-19;"NDVI TEI 567027-C"
4;4,297;2,601;3,421;0,735914806669826;"LANDSAT_7";46,578506;40,347496;223;66;2001;2001-05-15;"NDVI TEI 567027-C"
0;4,737;2,465;4,045;0,724322956369815;"LANDSAT_7";43,946716;44,459682;223;66;2001;2001-07-02;"NDVI TEI 567027-C"
9;3,905;2,46;3,033;0,674209332734003;"LANDSAT_7";46,69743;43,530991;223;66;2001;2001-07-18;"NDVI TEI 567027-C"
1;5,191;2,209;4,697;0,634035866371344;"LANDSAT_7";56,473015;38,176014;223;66;2001;2001-08-19;"NDVI TEI 567027-C"
9;5,275;3,056;4,3;0,647491679115953;"LANDSAT_7";46,163979;40,996323;223;66;2002;2002-05-18;"NDVI TEI 567027-C"
2;4,108;2,634;3,152;0,744998929090591;"LANDSAT_7";43,49588;43,118061;223;66;2002;2002-06-03;"NDVI TEI 567027-C"
0;4,261;2,88;3,14;0,737168766429318;"LANDSAT_7";43,07703;44,418201;223;66;2002;2002-06-19;"NDVI TEI 567027-C"
0;4,396;2,69;3,477;0,70515078161124;"LANDSAT_7";44,535736;44,56649;223;66;2002;2002-07-05;"NDVI TEI 567027-C"
2;4,016;2,75;2,927;0,653342152403319;"LANDSAT_7";47,500172;43,396053;223;66;2002;2002-07-21;"NDVI TEI 567027-C"
0;3,735;2,206;3,014;0,622770000318115;"LANDSAT_7";57,800159;37,743053;223;66;2002;2002-08-22;"NDVI TEI 567027-C"
2;4,048;2,462;3,213;0,63371789617394;"LANDSAT_7";52,773136;40,482407;223;66;2003;2003-08-09;"NDVI TEI 567027-C"
11;4,387;2,783;3,391;0,582969127191649;"LANDSAT_7";77,155472;29,872669;223;66;2003;2003-09-26;"NDVI TEI 567027-C"
7;5,754;4,186;3,948;0,735325543108008;"LANDSAT_7";112,157715;27,995636;223;66;2003;2003-11-13;"NDVI TEI 567027-C"
11;5,001;3,85;3,192;0,808075939497783;"LANDSAT_7";120,621719;32,048462;223;66;2003;2003-12-15;"NDVI TEI 567027-C"
5;4,533;3,259;3,15;0,823213897741365;"LANDSAT_7";119,155136;33,655468;223;66;2003;2003-12-31;"NDVI TEI 567027-C"
14;6,42;3,347;5,478;0,715377247923319;"LANDSAT_7";56,104401;36,845829;223;66;2004;2004-04-21;"NDVI TEI 567027-C"
0;4,435;3,075;3,196;0,776333260684138;"LANDSAT_7";44,876354;41,755459;223;66;2004;2004-05-23;"NDVI TEI 567027-C"
3;4,58;2,957;3,497;0,741153338674112;"LANDSAT_7";43,031292;43,638634;223;66;2004;2004-06-08;"NDVI TEI 567027-C"
0;4,281;2,575;3,42;0,734188241281189;"LANDSAT_7";43,289047;44,554089;223;66;2004;2004-06-24;"NDVI TEI 567027-C"
0;3,281;2,049;2,563;0,699520152103625;"LANDSAT_7";48,756824;42,621395;223;66;2004;2004-07-26;"NDVI TEI 567027-C"
6;3,794;2,389;2,948;0,633622902994996;"LANDSAT_7";53,63591;39,863449;223;66;2004;2004-08-11;"NDVI TEI 567027-C"
11;4,49;2,947;3,387;0,682639916628286;"LANDSAT_7";79,104042;29,295471;223;66;2004;2004-09-28;"NDVI TEI 567027-C"
0;6,07;3,055;5,245;0,803870502453075;"LANDSAT_7";63,65451;35,084873;223;66;2005;2005-04-08;"NDVI TEI 567027-C"
0;4,662;3,127;3,458;0,765074457718673;"LANDSAT_7";42,841171;43,80793;223;66;2005;2005-06-11;"NDVI TEI 567027-C"
1;4,931;2,57;4,208;0,727380254384607;"LANDSAT_7";45,683586;43,966385;223;66;2005;2005-07-13;"NDVI TEI 567027-C"
0;4,353;2,379;3,646;0,704304559344439;"LANDSAT_7";49,396782;42,133659;223;66;2005;2005-07-29;"NDVI TEI 567027-C"
1;4,446;2,79;3,461;0,65516085502449;"LANDSAT_7";54,536556;39,205238;223;66;2005;2005-08-14;"NDVI TEI 567027-C"
8;4,664;2,56;3,899;0,493271817244297;"LANDSAT_7";61,287743;35,56823;223;66;2005;2005-08-30;"NDVI TEI 567027-C"
6;5,801;3,009;4,96;0,169543077770819;"LANDSAT_7";70,062561;31,824837;223;66;2005;2005-09-15;"NDVI TEI 567027-C"
0;3,933;2,572;2,975;0,602774911724868;"LANDSAT_7";81,119934;28,729321;223;66;2005;2005-10-01;"NDVI TEI 567027-C"
14;4,883;3,01;3,845;0,739692555809346;"LANDSAT_7";112,674828;34,364662;223;66;2006;2006-01-21;"NDVI TEI 567027-C"
0;3,833;2,606;2,811;0,775309844217535;"LANDSAT_7";42,732479;43,961449;223;66;2006;2006-06-14;"NDVI TEI 567027-C"
0;4,754;2,918;3,753;0,752653778894043;"LANDSAT_7";43,633034;44,464432;223;66;2006;2006-06-30;"NDVI TEI 567027-C"
1;4,348;2,899;3,24;0,725452625167226;"LANDSAT_7";46,154934;43,684441;223;66;2006;2006-07-16;"NDVI TEI 567027-C"
3;3,8;2,448;2,907;0,681101549774735;"LANDSAT_7";50,125526;41,644253;223;66;2006;2006-08-01;"NDVI TEI 567027-C"
1;3,974;2,65;2,961;0,666473015021428;"LANDSAT_7";55,436764;38,493687;223;66;2006;2006-08-17;"NDVI TEI 567027-C"
3;4,417;2,848;3,376;0,60628277160381;"LANDSAT_7";62,603016;34,85186;223;66;2006;2006-09-02;"NDVI TEI 567027-C"
0;4,263;2,829;3,189;0,602746958317271;"LANDSAT_7";71,769699;31,155685;223;66;2006;2006-09-18;"NDVI TEI 567027-C"
10;5,441;4,417;3,178;0,75245223226679;"LANDSAT_7";111,52919;34,305695;223;66;2007;2007-01-24;"NDVI TEI 567027-C"
3;5,94;2,791;5,244;0,825171954338638;"LANDSAT_7";93,376465;33,544056;223;66;2007;2007-02-25;"NDVI TEI 567027-C"
1;4,325;2,578;3,473;0,785056294779939;"LANDSAT_7";46,356693;40,43589;223;66;2007;2007-05-16;"NDVI TEI 567027-C"
3;4,178;2,895;3,013;0,766812225138278;"LANDSAT_7";43,384384;42,660889;223;66;2007;2007-06-01;"NDVI TEI 567027-C"
0;4,479;2,891;3,421;0,764799795834958;"LANDSAT_7";42,68502;44,085892;223;66;2007;2007-06-17;"NDVI TEI 567027-C"
6;4,361;2,829;3,319;0,690381397143092;"LANDSAT_7";43,885811;44,373318;223;66;2007;2007-07-03;"NDVI TEI 567027-C"
0;4,715;2,958;3,672;0,630103151355637;"LANDSAT_7";56,548351;37,880718;223;66;2007;2007-08-20;"NDVI TEI 567027-C"
0;4,508;2,755;3,568;0,57289466069064;"LANDSAT_7";63,958275;34,118095;223;66;2007;2007-09-05;"NDVI TEI 567027-C"
6;4,069;2,874;2,881;0,548122102479528;"LANDSAT_7";73,554329;30,502869;223;66;2007;2007-09-21;"NDVI TEI 567027-C"
7;4,563;3,025;3,416;0,793160790463322;"LANDSAT_7";45,792492;40,954739;223;66;2008;2008-05-18;"NDVI TEI 567027-C"
2;5,023;3,659;3,441;0,782884070122599;"LANDSAT_7";43,247643;43,077507;223;66;2008;2008-06-03;"NDVI TEI 567027-C"
0;4,403;2,961;3,258;0,741190200017586;"LANDSAT_7";42,911846;44,332878;223;66;2008;2008-06-19;"NDVI TEI 567027-C"
0;4,191;2,559;3,319;0,745040438990665;"LANDSAT_7";44,416958;44,416378;223;66;2008;2008-07-05;"NDVI TEI 567027-C"
0;4,236;2,958;3,032;0,713730710477024;"LANDSAT_7";47,464241;43,202496;223;66;2008;2008-07-21;"NDVI TEI 567027-C"
1;4,395;2,658;3,5;0,657579922340208;"LANDSAT_7";51,929836;40,779198;223;66;2008;2008-08-06;"NDVI TEI 567027-C"
5;4,678;3,157;3,452;0,608290686424705;"LANDSAT_7";57,8773;37,441021;223;66;2008;2008-08-22;"NDVI TEI 567027-C"
12;4,289;2,589;3,42;0,5957272550002;"LANDSAT_7";65,638893;33,682655;223;66;2008;2008-09-07;"NDVI TEI 567027-C"
0;5,335;3,674;3,868;0,670307775520826;"LANDSAT_7";87,632919;27,7682;223;66;2008;2008-10-09;"NDVI TEI 567027-C"
11;4,662;3,486;3,095;0,572300595098938;"LANDSAT_7";100,288162;26,894135;223;66;2008;2008-10-25;"NDVI TEI 567027-C"
6;4,559;3,355;3,087;0,81895450313528;"LANDSAT_7";115,607269;34,165951;223;66;2009;2009-01-13;"NDVI TEI 567027-C"
0;4,588;3,046;3,431;0,775599838396816;"LANDSAT_7";42,829884;44,238991;223;66;2009;2009-06-22;"NDVI TEI 567027-C"
0;4,658;3,162;3,42;0,747483463153984;"LANDSAT_7";44,589325;44,082924;223;66;2009;2009-07-08;"NDVI TEI 567027-C"
4;4,347;3,09;3,057;0,686740961532916;"LANDSAT_7";52,525692;39,983852;223;66;2009;2009-08-09;"NDVI TEI 567027-C"
13;5,132;3,309;3,923;0,816747540786018;"LANDSAT_7";114,826996;33,862198;223;66;2010;2010-01-16;"NDVI TEI 567027-C"
8;4,492;3,021;3,324;0,712128904526661;"LANDSAT_7";55,144634;36,278625;223;66;2010;2010-04-22;"NDVI TEI 567027-C"
1;4,541;2,951;3,452;0,776298640897135;"LANDSAT_7";48,229237;38,789997;223;66;2010;2010-05-08;"NDVI TEI 567027-C"
14;4,846;3,047;3,768;0,454253478007418;"LANDSAT_7";42,254509;43,116371;223;66;2010;2010-06-09;"NDVI TEI 567027-C"
0;4,39;3,277;2,921;0,462051850536353;"LANDSAT_7";42,577538;43,975349;223;66;2010;2010-06-25;"NDVI TEI 567027-C"
9;4,179;2,884;3,025;0,461549178190519;"LANDSAT_7";44,612045;43,576611;223;66;2010;2010-07-11;"NDVI TEI 567027-C"
0;4,111;2,761;3,046;0,43632003651819;"LANDSAT_7";48,120037;41,87516;223;66;2010;2010-07-27;"NDVI TEI 567027-C"
0;4,221;2,882;3,084;0,413152385929042;"LANDSAT_7";53,036175;39,026993;223;66;2010;2010-08-12;"NDVI TEI 567027-C"
0;4,185;2,641;3,246;0,257002554459589;"LANDSAT_7";59,537251;35,394882;223;66;2010;2010-08-28;"NDVI TEI 567027-C"
0;4,664;3,362;3,233;0,237594883536856;"LANDSAT_7";68,070908;31,554276;223;66;2010;2010-09-13;"NDVI TEI 567027-C"
14;4,388;2,823;3,36;0,325447457559286;"LANDSAT_7";91,860489;26,226273;223;66;2010;2010-10-15;"NDVI TEI 567027-C"
4;4,434;3,123;3,147;0,692397907468568;"LANDSAT_7";41,845764;43,116177;223;66;2011;2011-06-12;"NDVI TEI 567027-C"
0;4,473;3,126;3,2;0,661313996607038;"LANDSAT_7";42,504272;43,770351;223;66;2011;2011-06-28;"NDVI TEI 567027-C"
0;4,055;2,87;2,865;0,590688097419651;"LANDSAT_7";48,585396;41,224876;223;66;2011;2011-07-30;"NDVI TEI 567027-C"
6;4,524;3,076;3,318;0,532923559090761;"LANDSAT_7";53,766232;38,201431;223;66;2011;2011-08-15;"NDVI TEI 567027-C"
1;4,598;3,118;3,379;0,481445323364584;"LANDSAT_7";60,603497;34,480949;223;66;2011;2011-08-31;"NDVI TEI 567027-C"
0;4,151;2,823;3,043;0,450245839509432;"LANDSAT_7";69,571518;30,666859;223;66;2011;2011-09-16;"NDVI TEI 567027-C"
10;5,661;4,277;3,709;0,798115427427552;"LANDSAT_7";120,671181;29,622128;223;66;2011;2011-12-05;"NDVI TEI 567027-C"
4;4,584;3,278;3,205;0,791908795521987;"LANDSAT_7";51,975002;36,724876;223;66;2012;2012-04-27;"NDVI TEI 567027-C"
12;4,839;3,425;3,419;0,766641810418934;"LANDSAT_7";46,013477;39,332478;223;66;2012;2012-05-13;"NDVI TEI 567027-C"
2;4,533;3,39;3,009;0,77819496313062;"LANDSAT_7";42,664177;41,643658;223;66;2012;2012-05-29;"NDVI TEI 567027-C"
0;4,679;3,261;3,355;0,650557446135727;"LANDSAT_7";49,030003;40,489475;223;66;2012;2012-08-01;"NDVI TEI 567027-C"
0;4,312;2,999;3,098;0,596446598966398;"LANDSAT_7";54,419735;37,244377;223;66;2012;2012-08-17;"NDVI TEI 567027-C"
0;4,669;3,159;3,438;0,377014347762421;"LANDSAT_7";61,558353;33,374435;223;66;2012;2012-09-02;"NDVI TEI 567027-C"
0;4,213;3,165;2,78;0,665866566241102;"LANDSAT_7";45,532539;42,290848;223;66;2013;2013-07-19;"NDVI TEI 567027-C"
0;4,191;2,844;3,078;0,601140931687568;"LANDSAT_7";49,789341;39,948769;223;66;2013;2013-08-04;"NDVI TEI 567027-C"
2;4,381;2,839;3,337;0,579565160544349;"LANDSAT_7";55,468014;36,562149;223;66;2013;2013-08-20;"NDVI TEI 567027-C"
5;4,453;3,202;3,095;0,707552291144699;"LANDSAT_7";110,693207;25,71962;223;66;2013;2013-11-08;"NDVI TEI 567027-C"
11;4,423;2,629;3,557;0,743199349991497;"LANDSAT_7";56,664989;34,507439;223;66;2014;2014-04-17;"NDVI TEI 567027-C"
14;5,883;3,319;4,857;0,688456603933028;"LANDSAT_7";43,754463;39,622849;223;66;2014;2014-05-19;"NDVI TEI 567027-C"
0;6,355;3,004;5,6;0,756522876529429;"LANDSAT_7";41,301769;41,762009;223;66;2014;2014-06-04;"NDVI TEI 567027-C"
0;5,137;3,223;4;0,68615746681619;"LANDSAT_7";42,605701;42,943062;223;66;2014;2014-07-06;"NDVI TEI 567027-C"
2;4,027;2,929;2,764;0,633393813192125;"LANDSAT_7";45,667053;41,580891;223;66;2014;2014-07-22;"NDVI TEI 567027-C"
5;4,55;3,13;3,302;0,589218094861752;"LANDSAT_7";50,128456;38,985931;223;66;2014;2014-08-07;"NDVI TEI 567027-C"
3;6,615;2,756;6,014;0,54374894408053;"LANDSAT_7";56,111359;35,451981;223;66;2014;2014-08-23;"NDVI TEI 567027-C"
0;4,12;3,114;2,697;0,576839649131492;"LANDSAT_7";64,044136;31,500839;223;66;2014;2014-09-08;"NDVI TEI 567027-C"
8;4,398;3,298;2,909;0,677011133532144;"LANDSAT_7";74,456337;27,814846;223;66;2014;2014-09-24;"NDVI TEI 567027-C"
0;6,383;4,495;4,532;0,75879546054984;"LANDSAT_7";87,403427;25,261955;223;66;2014;2014-10-10;"NDVI TEI 567027-C"
4;5,03;3,759;3,342;0,788052600371017;"LANDSAT_7";121,025208;31,374847;223;66;2014;2014-12-29;"NDVI TEI 567027-C"
1;6,06;3,368;5,038;0,795836662747063;"LANDSAT_7";109,461983;32,196991;223;66;2015;2015-01-30;"NDVI TEI 567027-C"
12;4,177;2,855;3,049;0,805468467443549;"LANDSAT_7";100,079376;31,694149;223;66;2015;2015-02-15;"NDVI TEI 567027-C"
1;5,009;3,663;3,417;0,707682063531395;"LANDSAT_7";40,675426;42,701538;223;66;2015;2015-06-23;"NDVI TEI 567027-C"
1;4,737;3,238;3,457;0,658878026394886;"LANDSAT_7";45,822014;40,82526;223;66;2015;2015-07-25;"NDVI TEI 567027-C"
4;4,77;3,216;3,523;0,342921280237779;"LANDSAT_7";76,209557;26,772572;223;66;2015;2015-09-27;"NDVI TEI 567027-C"
0;8,358;4,262;7,19;0,790190060365784;"LANDSAT_7";98,321884;30,828232;223;66;2016;2016-02-18;"NDVI TEI 567027-C"
5;6,581;3,304;5,691;0,785920514166754;"LANDSAT_7";52,337227;34,307384;223;66;2016;2016-04-22;"NDVI TEI 567027-C"
0;4,21;2,985;2,969;0,782276057164406;"LANDSAT_7";45,404427;37,017891;223;66;2016;2016-05-08;"NDVI TEI 567027-C"
0;5,491;3,183;4,474;0,748897260012666;"LANDSAT_7";41,314541;39,590179;223;66;2016;2016-05-24;"NDVI TEI 567027-C"
0;4,573;3,095;3,367;0,743196386187647;"LANDSAT_7";40,16375;42,278187;223;66;2016;2016-06-25;"NDVI TEI 567027-C"
0;5,141;3,353;3,897;0,721253668471761;"LANDSAT_7";42,287746;41,767273;223;66;2016;2016-07-11;"NDVI TEI 567027-C"
0;5,529;4,018;3,798;0,672745155433387;"LANDSAT_7";45,833302;39,900608;223;66;2016;2016-07-27;"NDVI TEI 567027-C"
0;4,353;3,095;3,061;0,565539743570473;"LANDSAT_7";50,786793;36,871712;223;66;2016;2016-08-12;"NDVI TEI 567027-C"
9;5,302;3,216;4,215;0,519969687607784;"LANDSAT_7";66,282356;29,02457;223;66;2016;2016-09-13;"NDVI TEI 567027-C"
11;4,99;3,073;3,931;0,711744038421276;"LANDSAT_7";92,129837;23,635895;223;66;2016;2016-10-15;"NDVI TEI 567027-C"
12;5,208;4,058;3,265;0,780186750753626;"LANDSAT_7";106,076103;23,617943;223;66;2016;2016-10-31;"NDVI TEI 567027-C"
2;5;3,258;3,793;0,783769367245451;"LANDSAT_7";60,215057;32,360672;223;66;2017;2017-04-09;"NDVI TEI 567027-C"
2;4,375;2,996;3,188;0,737366138847316;"LANDSAT_7";40,870018;39,976669;223;66;2017;2017-05-27;"NDVI TEI 567027-C"
1;4,723;3,118;3,547;0,714398966477763;"LANDSAT_7";39,662788;41,706337;223;66;2017;2017-06-12;"NDVI TEI 567027-C"
10;5,301;3,761;3,735;0,507074113342289;"LANDSAT_7";40,432499;42,29612;223;66;2017;2017-06-28;"NDVI TEI 567027-C"
0;4,648;3,08;3,481;0,65931497736024;"LANDSAT_7";42,813873;41,545361;223;66;2017;2017-07-14;"NDVI TEI 567027-C"
0;4,744;3,416;3,292;0,612763313943452;"LANDSAT_7";46,610176;39,473351;223;66;2017;2017-07-30;"NDVI TEI 567027-C"
0;3,961;2,602;2,986;0,553445138715704;"LANDSAT_7";51,819199;36,273945;223;66;2017;2017-08-15;"NDVI TEI 567027-C"
0;4,367;3,281;2,882;0,360842190960098;"LANDSAT_7";58,787861;32,373966;223;66;2017;2017-08-31;"NDVI TEI 567027-C"
4;3,944;2,989;2,573;0,355097232504424;"LANDSAT_7";68,121475;28,398464;223;66;2017;2017-09-16;"NDVI TEI 567027-C"
4;4,393;3,094;3,118;0,393770862116829;"LANDSAT_7";94,652573;23,539932;223;66;2017;2017-10-18;"NDVI TEI 567027-C"
5;4,366;2,967;3,203;0,676695703199428;"LANDSAT_7";122,444389;27,906834;223;66;2017;2017-12-05;"NDVI TEI 567027-C"
0;4,906;3,141;3,769;0,790033999139611;"LANDSAT_7";50,085106;35,559292;223;66;2018;2018-04-28;"NDVI TEI 567027-C"
3;4,908;3,513;3,428;0,768436576767016;"LANDSAT_7";44,247993;38,317039;223;66;2018;2018-05-14;"NDVI TEI 567027-C"
2;4,431;3,51;2,704;0,758751336406106;"LANDSAT_7";41,136505;40,742908;223;66;2018;2018-05-30;"NDVI TEI 567027-C"
1;4,83;3,116;3,69;0,73904385481707;"LANDSAT_7";40,356297;42,344131;223;66;2018;2018-06-15;"NDVI TEI 567027-C"
0;4,944;3,69;3,29;0,700057264668306;"LANDSAT_7";41,484299;42,773014;223;66;2018;2018-07-01;"NDVI TEI 567027-C"
0;4,983;3,75;3,281;0,664897877315161;"LANDSAT_7";44,193771;41,868416;223;66;2018;2018-07-17;"NDVI TEI 567027-C"
4;4,886;3,754;3,127;0,608346658201404;"LANDSAT_7";48,296349;39,67651;223;66;2018;2018-08-02;"NDVI TEI 567027-C"
10;4,302;3,189;2,887;0,571254351759396;"LANDSAT_7";53,858013;36,445301;223;66;2018;2018-08-18;"NDVI TEI 567027-C"
1;4,786;3,287;3,479;0,512685265246896;"LANDSAT_7";61,208881;32,615734;223;66;2018;2018-09-03;"NDVI TEI 567027-C"
10;4,526;3,081;3,316;0,778403547635463;"LANDSAT_7";109,340309;25,376053;223;66;2018;2018-11-06;"NDVI TEI 567027-C"
10;4,24;2,832;3,155;0,819133338728916;"LANDSAT_7";117,728592;32,80909;223;66;2019;2019-01-09;"NDVI TEI 567027-C"
0;5,485;4,465;3,186;0,746871358666827;"LANDSAT_7";43,236774;42,723469;223;66;2019;2019-06-02;"NDVI TEI 567027-C"
7;6,181;3,44;5,135;0,708637689469721;"LANDSAT_7";44,237213;44,488091;223;66;2019;2019-07-04;"NDVI TEI 567027-C"
0;6,083;3,176;5,188;0,674323641016739;"LANDSAT_7";47,2323;43,50531;223;66;2019;2019-07-20;"NDVI TEI 567027-C"
0;5,092;4,14;2,964;0,553786437545375;"LANDSAT_7";57,501404;38,171219;223;66;2019;2019-08-21;"NDVI TEI 567027-C"
7;4,564;3,394;3,052;0,760981667866383;"LANDSAT_7";98,760185;27,866985;223;66;2019;2019-10-24;"NDVI TEI 567027-C"
1;6,55;3,556;5,501;0,723142989135019;"LANDSAT_7";46,663895;47,453388;223;66;2020;2020-06-20;"NDVI TEI 567027-C"
3;5,195;3,415;3,915;0,679044236357766;"LANDSAT_7";48,345211;47,697136;223;66;2020;2020-07-06;"NDVI TEI 567027-C"
0;4,705;3,218;3,433;0,660801062807776;"LANDSAT_7";51,587887;46,739925;223;66;2020;2020-07-22;"NDVI TEI 567027-C"
0;8,614;3,598;7,827;0,633166708989078;"LANDSAT_7";56,225769;44,65659;223;66;2020;2020-08-07;"NDVI TEI 567027-C"
7;4,499;3,156;3,206;0,541869066588247;"LANDSAT_7";62,259922;41,746235;223;66;2020;2020-08-23;"NDVI TEI 567027-C"
0;5,204;4,068;3,246;0,477559521642267;"LANDSAT_7";69,822777;38,480469;223;66;2020;2020-09-08;"NDVI TEI 567027-C"
7;5,35;3,475;4,068;0,717580171194042;"LANDSAT_7";108,788635;33,891064;223;66;2020;2020-11-11;"NDVI TEI 567027-C"
5;4,479;3,32;3,006;0,757085395640215;"LANDSAT_7";116,810509;38,078838;223;66;2020;2020-12-13;"NDVI TEI 567027-C"
3;5,557;2,975;4,693;0,782161428977622;"LANDSAT_7";115,90873;40,071827;223;66;2020;2020-12-29;"NDVI TEI 567027-C"
0;8,416;4,943;6,812;0,736696780671446;"LANDSAT_5";48,289597;45,565605;223;66;1985;1985-05-27;"NDVI TEI 567027-C"
0;5,782;3,221;4,802;0,67294300873623;"LANDSAT_5";49,693989;47,423985;223;66;1985;1985-07-14;"NDVI TEI 567027-C"
4;7,323;4,424;5,836;0,764578315039868;"LANDSAT_5";94,922768;39,369556;223;66;1986;1986-02-23;"NDVI TEI 567027-C"
0;6,05;5,011;3,39;0,693841224635101;"LANDSAT_5";48,059864;48,57365;223;66;1986;1986-06-15;"NDVI TEI 567027-C"
4;5,034;3,372;3,738;0,638146980466643;"LANDSAT_5";48,967884;49,174694;223;66;1986;1986-07-01;"NDVI TEI 567027-C"
0;4,733;3,234;3,456;0,561192437145597;"LANDSAT_5";51,551743;48,618073;223;66;1986;1986-07-17;"NDVI TEI 567027-C"
4;6,21;4,894;3,823;0,75302922974412;"LANDSAT_5";105,688622;34,369297;223;66;1986;1986-11-06;"NDVI TEI 567027-C"
0;5,383;4,135;3,446;0,651900357682934;"LANDSAT_5";48,927551;48,78706;223;66;1987;1987-07-04;"NDVI TEI 567027-C"
0;5,544;3,696;4,132;0,608761625948736;"LANDSAT_5";51,606968;47,831028;223;66;1987;1987-07-20;"NDVI TEI 567027-C"
10;5,686;3,719;4,301;0,475651487233482;"LANDSAT_5";68,268593;39,097115;223;66;1987;1987-09-06;"NDVI TEI 567027-C"
5;5,364;3,917;3,665;0,714057803877993;"LANDSAT_5";49,78051;44,536587;223;66;1988;1988-05-19;"NDVI TEI 567027-C"
4;4,393;3,114;3,098;0,683192800655131;"LANDSAT_5";48,290813;47,689491;223;66;1988;1988-07-06;"NDVI TEI 567027-C"
2;4,774;3,476;3,272;0,653019066518156;"LANDSAT_5";51,320393;46,553017;223;66;1988;1988-07-22;"NDVI TEI 567027-C"
11;4,927;3,675;3,282;0,491083283146216;"LANDSAT_5";69,081749;37,564667;223;66;1988;1988-09-08;"NDVI TEI 567027-C"
8;4,744;3,468;3,237;0,103974121996303;"LANDSAT_5";78,304985;34,294182;223;66;1988;1988-09-24;"NDVI TEI 567027-C"
4;5,59;3,3;4,512;0,721825352497563;"LANDSAT_5";100,057793;31,210197;223;66;1988;1988-10-26;"NDVI TEI 567027-C"
4;6,717;5,052;4,426;0,754820524102645;"LANDSAT_5";54,017883;43,024433;223;66;1989;1989-05-06;"NDVI TEI 567027-C"
9;5,857;3,447;4,735;0,737992066776084;"LANDSAT_5";49,588295;45,279083;223;66;1989;1989-05-22;"NDVI TEI 567027-C"
1;8,813;6,989;5,369;0,702808024004052;"LANDSAT_5";47,491867;48,217224;223;66;1989;1989-06-23;"NDVI TEI 567027-C"
0;4,493;2,84;3,482;0,647372470974291;"LANDSAT_5";57,358749;44,587753;223;66;1989;1989-08-10;"NDVI TEI 567027-C"
0;5,3;3,694;3,801;0,723913043478261;"LANDSAT_5";50,607853;47,19125;223;66;1990;1990-05-25;"NDVI TEI 567027-C"
0;5,306;3,34;4,123;0,706414227885171;"LANDSAT_5";48,815273;48,856907;223;66;1990;1990-06-10;"NDVI TEI 567027-C"
0;5,594;3,647;4,242;0,692824848866708;"LANDSAT_5";49,062248;49,697689;223;66;1990;1990-06-26;"NDVI TEI 567027-C"
3;5,941;3,679;4,665;0,731206430067957;"LANDSAT_5";53,421223;45,050411;223;66;1991;1991-05-12;"NDVI TEI 567027-C"
0;4,942;3,372;3,613;0,73939037345147;"LANDSAT_5";49,717361;47,070957;223;66;1991;1991-05-28;"NDVI TEI 567027-C"
0;5,619;3,581;4,33;0,716027249910362;"LANDSAT_5";48,255672;48,593647;223;66;1991;1991-06-13;"NDVI TEI 567027-C"
1;4,898;3,62;3,3;0,678841654740245;"LANDSAT_5";48,796635;49,202248;223;66;1991;1991-06-29;"NDVI TEI 567027-C"
0;4,669;3,38;3,221;0,503137437677158;"LANDSAT_5";59,850552;44,260937;223;66;1991;1991-08-16;"NDVI TEI 567027-C"
14;5,919;4,805;3,456;0,604059477438923;"LANDSAT_5";94,871841;33,045757;223;66;1991;1991-10-19;"NDVI TEI 567027-C"
10;5,234;3,654;3,748;0,640972710515374;"LANDSAT_5";65,704018;41,208729;223;66;1992;1992-04-12;"NDVI TEI 567027-C"
7;4,481;3,201;3,136;0,611222747405524;"LANDSAT_5";51,62661;48,524349;223;66;1992;1992-07-17;"NDVI TEI 567027-C"
0;4,84;3,723;3,092;0,584291187739464;"LANDSAT_5";55,652962;46,708897;223;66;1992;1992-08-02;"NDVI TEI 567027-C"
0;4,494;3,24;3,114;0,475807347061425;"LANDSAT_5";61,043087;43,933655;223;66;1992;1992-08-18;"NDVI TEI 567027-C"
8;5,678;4,692;3,198;0,687321073991007;"LANDSAT_5";86,175369;34,802353;223;66;1992;1992-10-05;"NDVI TEI 567027-C"
2;5,226;3,851;3,533;0,686215248576257;"LANDSAT_5";48,276367;48,9804;223;66;1993;1993-06-18;"NDVI TEI 567027-C"
0;4,806;3,373;3,424;0,62336044093233;"LANDSAT_5";52,262333;48,364506;223;66;1993;1993-07-20;"NDVI TEI 567027-C"
8;4,449;3,273;3,013;0,587104874895832;"LANDSAT_5";56,489708;46,317944;223;66;1993;1993-08-05;"NDVI TEI 567027-C"
6;4,492;3,303;3,044;0,745500903941436;"LANDSAT_5";98,424393;33,28447;223;66;1993;1993-10-24;"NDVI TEI 567027-C"
4;6,921;5,224;4,54;0,747053501521928;"LANDSAT_5";63,407284;42,584736;223;66;1994;1994-04-18;"NDVI TEI 567027-C"
0;5,56;3,303;4,472;0,737050884721809;"LANDSAT_5";56,474861;44,537674;223;66;1994;1994-05-04;"NDVI TEI 567027-C"
0;5,374;3,574;4,013;0,672815256176699;"LANDSAT_5";51,761574;46,712482;223;66;1994;1994-05-20;"NDVI TEI 567027-C"
4;4,334;3,039;3,09;0,579013546900929;"LANDSAT_5";58,161819;46,900772;223;66;1994;1994-08-08;"NDVI TEI 567027-C"
1;4,679;3,374;3,242;0,688495575221239;"LANDSAT_5";53,072517;52,440907;223;66;1995;1995-07-10;"NDVI TEI 567027-C"
0;4,464;3,114;3,198;0,666904932094354;"LANDSAT_5";56,419102;51,431904;223;66;1995;1995-07-26;"NDVI TEI 567027-C"
0;4,513;3,088;3,291;0,628111190265643;"LANDSAT_5";61,125084;49,403976;223;66;1995;1995-08-11;"NDVI TEI 567027-C"
9;5,118;3,608;3,63;0,746819462660733;"LANDSAT_5";52,041077;48,916798;223;66;1996;1996-05-25;"NDVI TEI 567027-C"
0;4,754;3,202;3,514;0,764515399550407;"LANDSAT_5";50,131897;50,337658;223;66;1996;1996-06-10;"NDVI TEI 567027-C"
0;4,3;2,851;3,219;0,725897997808721;"LANDSAT_5";50,245396;50,976871;223;66;1996;1996-06-26;"NDVI TEI 567027-C"
1;4,333;2,995;3,131;0,664511485343735;"LANDSAT_5";55,481468;48,917015;223;66;1996;1996-07-28;"NDVI TEI 567027-C"
0;4,066;2,749;2,996;0,415162454873646;"LANDSAT_5";66,372169;42,875877;223;66;1996;1996-08-29;"NDVI TEI 567027-C"
1;4,378;3,055;3,136;0,49720608872797;"LANDSAT_5";74,025444;39,318188;223;66;1996;1996-09-14;"NDVI TEI 567027-C"
0;4,803;3,256;3,531;0,725820133433833;"LANDSAT_5";48,37603;45,936943;223;66;1997;1997-05-28;"NDVI TEI 567027-C"
0;3,931;2,696;2,861;0,600427016387553;"LANDSAT_5";58,638367;42,415722;223;66;1997;1997-08-16;"NDVI TEI 567027-C"
0;4,835;3,388;3,45;0,805671246374902;"LANDSAT_5";105,780701;30,657639;223;66;1997;1997-11-04;"NDVI TEI 567027-C"
4;4,381;2,995;3,198;0,728160314110096;"LANDSAT_5";46,204147;44,665886;223;66;1998;1998-05-31;"NDVI TEI 567027-C"
0;4,341;2,981;3,156;0,745720713224;"LANDSAT_5";45,257702;46,071445;223;66;1998;1998-06-16;"NDVI TEI 567027-C"
1;4,235;2,795;3,182;0,695122735470378;"LANDSAT_5";46,258034;46,424049;223;66;1998;1998-07-02;"NDVI TEI 567027-C"
1;4,09;2,768;3,011;0,66300766780777;"LANDSAT_5";48,872227;45,545948;223;66;1998;1998-07-18;"NDVI TEI 567027-C"
12;4,334;2,783;3,322;0,0790045904807925;"LANDSAT_5";65,50856;36,737396;223;66;1998;1998-09-04;"NDVI TEI 567027-C"
8;5,173;3,824;3,484;0,784203506564904;"LANDSAT_5";118,817772;33,312393;223;66;1998;1998-12-09;"NDVI TEI 567027-C"
4;4,504;3,17;3,2;0,765858234792401;"LANDSAT_5";101,935265;36,606499;223;66;1999;1999-02-11;"NDVI TEI 567027-C"
0;4,233;2,998;2,989;0,723949385390879;"LANDSAT_5";45,287506;46,206734;223;66;1999;1999-06-19;"NDVI TEI 567027-C"
0;4,007;2,777;2,889;0,703188348698489;"LANDSAT_5";46,651985;46,418888;223;66;1999;1999-07-05;"NDVI TEI 567027-C"
4;4,6;3,254;3,251;0,798285167647668;"LANDSAT_5";118,508331;34,513012;223;66;1999;1999-12-12;"NDVI TEI 567027-C"
1;4,362;2,953;3,21;0,800104583847401;"LANDSAT_5";108,264275;37,967899;223;66;2000;2000-01-29;"NDVI TEI 567027-C"
2;3,794;2,702;2,664;0,748574308531138;"LANDSAT_5";46,043392;45,570545;223;66;2000;2000-06-05;"NDVI TEI 567027-C"
0;3,374;2,338;2,433;0,697597042513863;"LANDSAT_5";47,300797;46,535393;223;66;2000;2000-07-07;"NDVI TEI 567027-C"
2;3,843;2,606;2,824;0,669442700582578;"LANDSAT_5";50,392361;45,205078;223;66;2000;2000-07-23;"NDVI TEI 567027-C"
3;2,535;1,679;1,899;0,655339097300315;"LANDSAT_5";54,895596;42,717548;223;66;2000;2000-08-08;"NDVI TEI 567027-C"
0;3,373;2,471;2,296;0,618685484843065;"LANDSAT_5";60,857231;39,366917;223;66;2000;2000-08-24;"NDVI TEI 567027-C"
11;3,857;2,673;2,78;0,688329565743938;"LANDSAT_5";89,499695;29,967396;223;66;2000;2000-10-11;"NDVI TEI 567027-C"
12;4,528;3,128;3,274;0,709731790215184;"LANDSAT_5";51,253597;40,912849;223;66;2001;2001-05-07;"NDVI TEI 567027-C"
1;4,144;2,946;2,915;0,696306427134805;"LANDSAT_5";47,034451;45,764938;223;66;2001;2001-07-10;"NDVI TEI 567027-C"
0;3,809;2,751;2,635;0,668970534739905;"LANDSAT_5";50,457787;44,255955;223;66;2001;2001-07-26;"NDVI TEI 567027-C"
10;3,864;2,837;2,623;0,516238494997469;"LANDSAT_5";55,285526;41,623611;223;66;2001;2001-08-11;"NDVI TEI 567027-C"
0;3,732;2,636;2,642;0,505612565097731;"LANDSAT_5";61,613403;38,215256;223;66;2001;2001-08-27;"NDVI TEI 567027-C"
1;3,934;2,563;2,985;0,690601030712538;"LANDSAT_5";48,798721;46,094597;223;66;2003;2003-07-16;"NDVI TEI 567027-C"
4;3,583;2,231;2,804;0,631594271949426;"LANDSAT_5";52,637302;44,152016;223;66;2003;2003-08-01;"NDVI TEI 567027-C"
8;3,907;2,683;2,84;0,697921408255612;"LANDSAT_5";83,929703;31,066154;223;66;2003;2003-10-04;"NDVI TEI 567027-C"
13;4,36;2,864;3,288;0,72961089256115;"LANDSAT_5";95,615784;29,550789;223;66;2003;2003-10-20;"NDVI TEI 567027-C"
6;4,459;3,119;3,186;0,719853310044563;"LANDSAT_5";45,447151;44,142796;223;66;2004;2004-05-31;"NDVI TEI 567027-C"
0;4,289;3,11;2,953;0,730131907683173;"LANDSAT_5";44,539848;45,486832;223;66;2004;2004-06-16;"NDVI TEI 567027-C"
6;4,419;2,975;3,268;0,708721030452325;"LANDSAT_5";45,555634;45,745888;223;66;2004;2004-07-02;"NDVI TEI 567027-C"
2;4,478;3,143;3,19;0,669437830181444;"LANDSAT_5";48,188145;44,743725;223;66;2004;2004-07-18;"NDVI TEI 567027-C"
11;4,395;3,009;3,204;0,613727690266634;"LANDSAT_5";57,740742;39,295643;223;66;2004;2004-08-19;"NDVI TEI 567027-C"
1;4,259;2,811;3,2;0,623861367645037;"LANDSAT_5";64,917648;35,530468;223;66;2004;2004-09-04;"NDVI TEI 567027-C"
4;4,341;2,965;3,17;0,618171405589998;"LANDSAT_5";74,146622;31,86729;223;66;2004;2004-09-20;"NDVI TEI 567027-C"
2;4,648;3,134;3,432;0,719555767459061;"LANDSAT_5";46,371761;41,25256;223;66;2005;2005-05-18;"NDVI TEI 567027-C"
6;4,226;3,201;2,759;0,735848270134897;"LANDSAT_5";43,722397;43,334721;223;66;2005;2005-06-03;"NDVI TEI 567027-C"
0;4,071;2,949;2,807;0,702298071272499;"LANDSAT_5";43,286114;44,584423;223;66;2005;2005-06-19;"NDVI TEI 567027-C"
2;4,292;3,09;2,979;0,678667772427921;"LANDSAT_5";44,702148;44,668221;223;66;2005;2005-07-05;"NDVI TEI 567027-C"
1;4,3;2,94;3,138;0,684415480911131;"LANDSAT_5";47,673775;43,457985;223;66;2005;2005-07-21;"NDVI TEI 567027-C"
0;4,107;2,785;3,019;0,666552315608919;"LANDSAT_5";52,064472;41,032875;223;66;2005;2005-08-06;"NDVI TEI 567027-C"
0;4,152;2,975;2,897;0,610541105955208;"LANDSAT_5";57,924858;37,682957;223;66;2005;2005-08-22;"NDVI TEI 567027-C"
0;4,525;3,122;3,276;0,629824341205689;"LANDSAT_5";87,35202;27,853672;223;66;2005;2005-10-09;"NDVI TEI 567027-C"
7;4,395;3,15;3,065;0,748883219975462;"LANDSAT_5";42,352177;42,782742;223;66;2006;2006-06-06;"NDVI TEI 567027-C"
4;4,444;2,982;3,295;0,729559748427673;"LANDSAT_5";42,261997;43,825893;223;66;2006;2006-06-22;"NDVI TEI 567027-C"
0;4,181;2,813;3,093;0,699220200519866;"LANDSAT_5";47,15303;42,138885;223;66;2006;2006-07-24;"NDVI TEI 567027-C"
0;4,218;2,816;3,141;0,663365950555628;"LANDSAT_5";51,750702;39,433296;223;66;2006;2006-08-09;"NDVI TEI 567027-C"
2;5,796;2,906;5,015;0,60064477453666;"LANDSAT_5";65,984482;31,92918;223;66;2006;2006-09-10;"NDVI TEI 567027-C"
1;4,411;2,831;3,383;0,728396443330805;"LANDSAT_5";89,280067;26,068741;223;66;2006;2006-10-12;"NDVI TEI 567027-C"
12;5,327;4,191;3,289;0,736977595714972;"LANDSAT_5";115,320862;33,173569;223;66;2007;2007-01-16;"NDVI TEI 567027-C"
6;5,196;3,265;4,042;0,748959067093595;"LANDSAT_5";47,820465;38,33725;223;66;2007;2007-05-08;"NDVI TEI 567027-C"
0;4,448;3,303;2,979;0,726816175005032;"LANDSAT_5";41,834599;42,783504;223;66;2007;2007-06-09;"NDVI TEI 567027-C"
0;4,617;3,253;3,277;0,721349537214217;"LANDSAT_5";42,164062;43,690849;223;66;2007;2007-06-25;"NDVI TEI 567027-C"
1;4,279;3,157;2,889;0,698290810975351;"LANDSAT_5";44,209892;43,330627;223;66;2007;2007-07-11;"NDVI TEI 567027-C"
0;4,511;3,24;3,139;0,614254249079719;"LANDSAT_5";47,722164;41,662724;223;66;2007;2007-07-27;"NDVI TEI 567027-C"
0;4,194;2,861;3,067;0,61347712947515;"LANDSAT_5";52,634178;38,837818;223;66;2007;2007-08-12;"NDVI TEI 567027-C"
4;4,529;2,997;3,396;0,298694232861806;"LANDSAT_5";59,146832;35,22261;223;66;2007;2007-08-28;"NDVI TEI 567027-C"
0;4,947;3,082;3,87;0,57674150037294;"LANDSAT_5";67,688713;31,383705;223;66;2007;2007-09-13;"NDVI TEI 567027-C"
1;4,811;3,173;3,616;0,639459220356905;"LANDSAT_5";78,663483;28,08242;223;66;2007;2007-09-29;"NDVI TEI 567027-C"
0;4,633;3,282;3,27;0,75121619935371;"LANDSAT_5";43,166302;44,056507;223;66;2008;2008-06-11;"NDVI TEI 567027-C"
0;4,432;3,233;3,032;0,723477302800562;"LANDSAT_5";43,849117;44,818039;223;66;2008;2008-06-27;"NDVI TEI 567027-C"
0;4,703;3,28;3,371;0,709602463172545;"LANDSAT_5";46,216805;44,33588;223;66;2008;2008-07-13;"NDVI TEI 567027-C"
0;4,425;2,946;3,302;0,676775447413748;"LANDSAT_5";50,025539;42,589348;223;66;2008;2008-07-29;"NDVI TEI 567027-C"
0;4,581;3,112;3,362;0,642839774389723;"LANDSAT_5";55,256332;39,764706;223;66;2008;2008-08-14;"NDVI TEI 567027-C"
0;4,41;2,995;3,237;0,599337526468573;"LANDSAT_5";62,079342;36,257133;223;66;2008;2008-08-30;"NDVI TEI 567027-C"
3;4,615;2,894;3,595;0,562203222561313;"LANDSAT_5";70,832497;32,660637;223;66;2008;2008-09-15;"NDVI TEI 567027-C"
14;4,601;3,097;3,403;0,602560527461583;"LANDSAT_5";81,703415;29,716732;223;66;2008;2008-10-01;"NDVI TEI 567027-C"
14;5,521;4,047;3,756;0,763371785497349;"LANDSAT_5";53,66135;37,99107;223;66;2009;2009-04-27;"NDVI TEI 567027-C"
1;4,492;3,075;3,275;0,754960975146457;"LANDSAT_5";43,038746;44,182552;223;66;2009;2009-06-14;"NDVI TEI 567027-C"
1;4,729;3,342;3,346;0,728054854562302;"LANDSAT_5";43,883495;44,618412;223;66;2009;2009-06-30;"NDVI TEI 567027-C"
1;4,711;3,234;3,426;0,717136025315731;"LANDSAT_5";46,358135;43,772625;223;66;2009;2009-07-16;"NDVI TEI 567027-C"
0;4,53;3,176;3,23;0,694951091186624;"LANDSAT_5";50,274189;41,657818;223;66;2009;2009-08-01;"NDVI TEI 567027-C"
0;4,399;2,783;3,407;0,656549801945052;"LANDSAT_5";55,610542;38,501678;223;66;2009;2009-08-17;"NDVI TEI 567027-C"
0;4,25;2,975;3,035;0,642234685151853;"LANDSAT_5";62,643753;34,72403;223;66;2009;2009-09-02;"NDVI TEI 567027-C"
11;5,618;2,951;4,78;0,73380052476918;"LANDSAT_5";59,829746;35,419506;223;66;2010;2010-04-14;"NDVI TEI 567027-C"
1;4,761;3,451;3,28;0,47383210396909;"LANDSAT_5";42,528206;43,949295;223;66;2010;2010-06-17;"NDVI TEI 567027-C"
1;4,526;3,065;3,33;0,460264297493764;"LANDSAT_5";43,75808;44,219505;223;66;2010;2010-07-03;"NDVI TEI 567027-C"
1;4,644;3,319;3,248;0,253057575543694;"LANDSAT_5";63,92429;33,904865;223;66;2010;2010-09-05;"NDVI TEI 567027-C"
0;4,628;3,056;3,475;0,250988016679271;"LANDSAT_5";73,572205;30,285858;223;66;2010;2010-09-21;"NDVI TEI 567027-C"
14;4,671;3,124;3,472;0,311440276792308;"LANDSAT_5";85,451057;27,607624;223;66;2010;2010-10-07;"NDVI TEI 567027-C"
9;4,462;3,182;3,128;0,737165791439857;"LANDSAT_5";58,478355;36,012615;223;66;2011;2011-04-17;"NDVI TEI 567027-C"
0;4,802;3,53;3,256;0,686707082310879;"LANDSAT_5";43,212227;43,060139;223;66;2011;2011-06-04;"NDVI TEI 567027-C"
3;4,49;3,462;2,859;0,629599665165456;"LANDSAT_5";44,437866;44,374752;223;66;2011;2011-07-06;"NDVI TEI 567027-C"
0;4,52;3,064;3,323;0,541944459891257;"LANDSAT_5";51,980915;40,714737;223;66;2011;2011-08-07;"NDVI TEI 567027-C"
1;4,348;2,918;3,224;0,461695791046756;"LANDSAT_5";65,721016;33,601021;223;66;2011;2011-09-08;"NDVI TEI 567027-C"
0,01;9,053;7,155;5,546;0,364869774388033;"LANDSAT_8";39,861382;41,537659;223;66;2013;2013-06-09;"NDVI TEI 567028-C"
1,12;8,588;6,753;5,305;0,322370887088985;"LANDSAT_8";40,282486;42,363762;223;66;2013;2013-06-25;"NDVI TEI 567028-C"
0;8,579;6,826;5,196;0,298962587312316;"LANDSAT_8";42,385014;41,88113;223;66;2013;2013-07-11;"NDVI TEI 567028-C"
1,45;8,476;6,774;5,095;0,294954912689106;"LANDSAT_8";50,851921;37,053654;223;66;2013;2013-08-12;"NDVI TEI 567028-C"
0,01;8,463;6,786;5,057;0,294523162514967;"LANDSAT_8";57,442669;33,254436;223;66;2013;2013-08-28;"NDVI TEI 567028-C"
3,17;8,974;7,125;5,455;0,310667326467925;"LANDSAT_8";77,891266;25,823647;223;66;2013;2013-09-29;"NDVI TEI 567028-C"
0;9,157;7,199;5,66;0,579662089740786;"LANDSAT_8";40,372986;42,133789;223;66;2014;2014-06-12;"NDVI TEI 567028-C"
6,88;8,734;7,056;5,147;0,407402472008773;"LANDSAT_8";43,407818;42,021435;223;66;2014;2014-07-14;"NDVI TEI 567028-C"
1,86;8,762;7,039;5,219;0,338200234208063;"LANDSAT_8";47,16209;39,984501;223;66;2014;2014-07-30;"NDVI TEI 567028-C"
0;8,945;7,378;5,058;0,310738051753467;"LANDSAT_8";52,334061;36,826172;223;66;2014;2014-08-15;"NDVI TEI 567028-C"
9,11;9,39;7,682;5,4;0,392355184539778;"LANDSAT_8";68,42852;29,006077;223;66;2014;2014-09-16;"NDVI TEI 567028-C"
0,28;9,17;7,066;5,844;0,661035940660358;"LANDSAT_8";41,404537;40,851189;223;66;2015;2015-05-30;"NDVI TEI 567028-C"
5,3;9,201;7,164;5,774;0,619410103678277;"LANDSAT_8";40,469868;42,395061;223;66;2015;2015-06-15;"NDVI TEI 567028-C"
0;9,033;7,217;5,432;0,517461351473191;"LANDSAT_8";44,042629;41,823967;223;66;2015;2015-07-17;"NDVI TEI 567028-C"
0;8,794;6,919;5,428;0,466804597338259;"LANDSAT_8";48,020329;39,569389;223;66;2015;2015-08-02;"NDVI TEI 567028-C"
0;8,536;6,654;5,346;0,42356036844698;"LANDSAT_8";53,455566;36,25338;223;66;2015;2015-08-18;"NDVI TEI 567028-C"
0,54;8,848;7,079;5,308;0,408743294061488;"LANDSAT_8";60,687901;32,316612;223;66;2015;2015-09-03;"NDVI TEI 567028-C"
0,09;8,92;7,316;5,104;0,400093930293152;"LANDSAT_8";70,329971;28,423492;223;66;2015;2015-09-19;"NDVI TEI 567028-C"
0,21;9,032;7,279;5,347;0,402885661178361;"LANDSAT_8";82,727135;25,400063;223;66;2015;2015-10-05;"NDVI TEI 567028-C"
1,41;9,165;7,287;5,558;0,338252227908741;"LANDSAT_8";96,828125;24,041763;223;66;2015;2015-10-21;"NDVI TEI 567028-C"
3,43;9,22;6,941;6,068;0,748507303142466;"LANDSAT_8";103,463684;31,560776;223;66;2016;2016-02-10;"NDVI TEI 567028-C"
1;9,264;7,185;5,848;0,803641499558545;"LANDSAT_8";43,788235;38,845612;223;66;2016;2016-05-16;"NDVI TEI 567028-C"
1,83;8,727;6,767;5,51;0,58105744068598;"LANDSAT_8";40,394749;42,471741;223;66;2016;2016-06-17;"NDVI TEI 567028-C"
0;8,893;6,876;5,639;0,513522605383564;"LANDSAT_8";41,690498;42,631371;223;66;2016;2016-07-03;"NDVI TEI 567028-C"
0;8,899;7,073;5,401;0,447896886654384;"LANDSAT_8";44,525513;41,448513;223;66;2016;2016-07-19;"NDVI TEI 567028-C"
0;8,934;6,903;5,671;0,403763996003513;"LANDSAT_8";48,750393;38,989616;223;66;2016;2016-08-04;"NDVI TEI 567028-C"
5,14;8,748;6,74;5,576;0,393450098707641;"LANDSAT_8";54,46497;35,527973;223;66;2016;2016-08-20;"NDVI TEI 567028-C"
0,08;9,071;7,35;5,315;0,384123402238455;"LANDSAT_8";62,083248;31,54903;223;66;2016;2016-09-05;"NDVI TEI 567028-C"
1,7;9,233;7,13;5,866;0,664920778483559;"LANDSAT_8";99,233124;23,942055;223;66;2016;2016-10-23;"NDVI TEI 567028-C"
0,12;9,48;7,328;6,014;0,690088710046184;"LANDSAT_8";48,146221;36,655979;223;66;2017;2017-05-03;"NDVI TEI 567028-C"
12,79;9,613;7,086;6,496;0,688785746386578;"LANDSAT_8";43,128284;39,282784;223;66;2017;2017-05-19;"NDVI TEI 567028-C"
0;9,051;7,022;5,711;0,554083286615102;"LANDSAT_8";42,093647;42,53669;223;66;2017;2017-07-06;"NDVI TEI 567028-C"
2,95;9,104;7,09;5,711;0,514638210626414;"LANDSAT_8";45,17329;41,123631;223;66;2017;2017-07-22;"NDVI TEI 567028-C"
1,17;9,131;7,339;5,432;0,434618300693966;"LANDSAT_8";55,650166;34,880295;223;66;2017;2017-08-23;"NDVI TEI 567028-C"
4,95;8,879;6,919;5,564;0,349193523610409;"LANDSAT_8";63,65202;30,875648;223;66;2017;2017-09-08;"NDVI TEI 567028-C"
1,93;9,297;7,439;5,575;0,34187939297236;"LANDSAT_8";74,265434;27,187992;223;66;2017;2017-09-24;"NDVI TEI 567028-C"
9,17;9,146;6,678;6,249;0,868291971534941;"LANDSAT_8";88,593369;30,966377;223;66;2018;2018-03-03;"NDVI TEI 567028-C"
0,01;9,288;7,128;5,956;0,764268484179096;"LANDSAT_8";47,150749;37,16785;223;66;2018;2018-05-06;"NDVI TEI 567028-C"
8,24;8,85;6,569;5,93;0,676579834800177;"LANDSAT_8";40,734879;41,828705;223;66;2018;2018-06-07;"NDVI TEI 567028-C"
0;8,866;6,743;5,755;0,65111481681456;"LANDSAT_8";40,846138;42,806698;223;66;2018;2018-06-23;"NDVI TEI 567028-C"
0;9,135;7,103;5,745;0,603333614487919;"LANDSAT_8";42,688072;42,505852;223;66;2018;2018-07-09;"NDVI TEI 567028-C"
0,99;9,128;6,817;6,07;0,545359177398321;"LANDSAT_8";46,000771;40,866608;223;66;2018;2018-07-25;"NDVI TEI 567028-C"
5,62;9,283;7,226;5,827;0,454960373845893;"LANDSAT_8";65,390244;30,310036;223;66;2018;2018-09-11;"NDVI TEI 567028-C"
0,77;9,16;6,92;6,001;0,791520539273169;"LANDSAT_8";46,087643;37,578091;223;66;2019;2019-05-09;"NDVI TEI 567028-C"
3,07;9,45;7,457;5,804;0,721488989910952;"LANDSAT_8";40,408348;41,947231;223;66;2019;2019-06-10;"NDVI TEI 567028-C"
0;9,12;7,26;5,519;0,694737898357808;"LANDSAT_8";40,853188;42,717926;223;66;2019;2019-06-26;"NDVI TEI 567028-C"
0;8,84;7,007;5,39;0,639005818745365;"LANDSAT_8";42,979294;42,189018;223;66;2019;2019-07-12;"NDVI TEI 567028-C"
0,22;9,234;7,534;5,339;0,591228313281275;"LANDSAT_8";46,533131;40,320995;223;66;2019;2019-07-28;"NDVI TEI 567028-C"
0,31;8,88;7,016;5,445;0,534523159299467;"LANDSAT_8";51,497524;37,295666;223;66;2019;2019-08-13;"NDVI TEI 567028-C"
0,05;9,149;7,149;5,71;0,495545146268207;"LANDSAT_8";58,121357;33,488621;223;66;2019;2019-08-29;"NDVI TEI 567028-C"
0,39;9,435;7,359;5,904;0,479690826917681;"LANDSAT_8";66,959335;29,49461;223;66;2019;2019-09-14;"NDVI TEI 567028-C"
12,63;9,356;6,654;6,578;0,780247054599002;"LANDSAT_8";45,231758;38,064034;223;66;2020;2020-05-11;"NDVI TEI 567028-C"
0;9,217;6,891;6,121;0,741077709848985;"LANDSAT_8";40,381138;42,185982;223;66;2020;2020-06-12;"NDVI TEI 567028-C"
0;9,011;7,038;5,627;0,700605872298494;"LANDSAT_8";41,141487;42,746819;223;66;2020;2020-06-28;"NDVI TEI 567028-C"
0,01;9,137;7,081;5,775;0,658224334263232;"LANDSAT_8";43,517551;41,97879;223;66;2020;2020-07-14;"NDVI TEI 567028-C"
0;9;7,147;5,471;0,599278687785025;"LANDSAT_8";47,313473;39,895908;223;66;2020;2020-07-30;"NDVI TEI 567028-C"
0;8,799;6,82;5,56;0,551791246257318;"LANDSAT_8";52,52998;36,700417;223;66;2020;2020-08-15;"NDVI TEI 567028-C"
0;8,919;6,985;5,545;0,334381000800229;"LANDSAT_8";68,770477;28,862339;223;66;2020;2020-09-16;"NDVI TEI 567028-C"
0,78;8,792;6,677;5,72;0,373074247675269;"LANDSAT_8";80,830208;25,665871;223;66;2020;2020-10-02;"NDVI TEI 567028-C"
0;3,782;2,534;2,807;0,67907435107419;"LANDSAT_7";44,800785;43,371544;223;66;1999;1999-07-13;"NDVI TEI 567028-C"
1;4,356;3,056;3,104;0,618140319591239;"LANDSAT_7";48,442184;41,531284;223;66;1999;1999-07-29;"NDVI TEI 567028-C"
0;3,864;2,448;2,99;0,528552680884863;"LANDSAT_7";53,505936;38,566036;223;66;1999;1999-08-14;"NDVI TEI 567028-C"
0;3,917;2,45;3,056;0,53761171675068;"LANDSAT_7";60,191265;34,865536;223;66;1999;1999-08-30;"NDVI TEI 567028-C"
10;3,922;2,348;3,141;0,521119182136131;"LANDSAT_7";80,183395;27,806328;223;66;1999;1999-10-01;"NDVI TEI 567028-C"
14;3,939;2,625;2,937;0,69990167900666;"LANDSAT_7";93,24025;26,016376;223;66;1999;1999-10-17;"NDVI TEI 567028-C"
5;4,888;3,205;3,691;0,809393066321936;"LANDSAT_7";72,559723;33,212631;223;66;2000;2000-03-25;"NDVI TEI 567028-C"
8;4,969;2,918;4,022;0,768454264811626;"LANDSAT_7";46,813961;39,505764;223;66;2000;2000-05-12;"NDVI TEI 567028-C"
0;2,623;1,071;2,394;0,6070859743613;"LANDSAT_7";54,927845;38,333965;223;66;2000;2000-08-16;"NDVI TEI 567028-C"
4;4,065;2,958;2,789;0,775610118401601;"LANDSAT_7";95,495972;26,529404;223;66;2000;2000-10-19;"NDVI TEI 567028-C"
4;4,297;2,601;3,421;0,72475356746853;"LANDSAT_7";46,578506;40,347496;223;66;2001;2001-05-15;"NDVI TEI 567028-C"
0;4,737;2,465;4,045;0,703839122486289;"LANDSAT_7";43,946716;44,459682;223;66;2001;2001-07-02;"NDVI TEI 567028-C"
9;3,905;2,46;3,033;0,641904761904762;"LANDSAT_7";46,69743;43,530991;223;66;2001;2001-07-18;"NDVI TEI 567028-C"
1;5,191;2,209;4,697;0,583202123968296;"LANDSAT_7";56,473015;38,176014;223;66;2001;2001-08-19;"NDVI TEI 567028-C"
9;5,275;3,056;4,3;0,688730530607246;"LANDSAT_7";46,163979;40,996323;223;66;2002;2002-05-18;"NDVI TEI 567028-C"
2;4,108;2,634;3,152;0,729649582154604;"LANDSAT_7";43,49588;43,118061;223;66;2002;2002-06-03;"NDVI TEI 567028-C"
0;4,261;2,88;3,14;0,71742832706104;"LANDSAT_7";43,07703;44,418201;223;66;2002;2002-06-19;"NDVI TEI 567028-C"
0;4,396;2,69;3,477;0,672592592592593;"LANDSAT_7";44,535736;44,56649;223;66;2002;2002-07-05;"NDVI TEI 567028-C"
2;4,016;2,75;2,927;0,610948657336309;"LANDSAT_7";47,500172;43,396053;223;66;2002;2002-07-21;"NDVI TEI 567028-C"
0;3,735;2,206;3,014;0,58715205038667;"LANDSAT_7";57,800159;37,743053;223;66;2002;2002-08-22;"NDVI TEI 567028-C"
2;4,048;2,462;3,213;0,595979500371148;"LANDSAT_7";52,773136;40,482407;223;66;2003;2003-08-09;"NDVI TEI 567028-C"
11;4,387;2,783;3,391;0,530565544295521;"LANDSAT_7";77,155472;29,872669;223;66;2003;2003-09-26;"NDVI TEI 567028-C"
7;5,754;4,186;3,948;0,728645450434209;"LANDSAT_7";112,157715;27,995636;223;66;2003;2003-11-13;"NDVI TEI 567028-C"
11;5,001;3,85;3,192;0,807263782936789;"LANDSAT_7";120,621719;32,048462;223;66;2003;2003-12-15;"NDVI TEI 567028-C"
5;4,533;3,259;3,15;0,821363901670612;"LANDSAT_7";119,155136;33,655468;223;66;2003;2003-12-31;"NDVI TEI 567028-C"
14;6,42;3,347;5,478;0,746926787784244;"LANDSAT_7";56,104401;36,845829;223;66;2004;2004-04-21;"NDVI TEI 567028-C"
0;4,435;3,075;3,196;0,760562555036314;"LANDSAT_7";44,876354;41,755459;223;66;2004;2004-05-23;"NDVI TEI 567028-C"
3;4,58;2,957;3,497;0,730223376512394;"LANDSAT_7";43,031292;43,638634;223;66;2004;2004-06-08;"NDVI TEI 567028-C"
0;4,281;2,575;3,42;0,713659425314609;"LANDSAT_7";43,289047;44,554089;223;66;2004;2004-06-24;"NDVI TEI 567028-C"
0;3,281;2,049;2,563;0,645929339477727;"LANDSAT_7";48,756824;42,621395;223;66;2004;2004-07-26;"NDVI TEI 567028-C"
6;3,794;2,389;2,948;0,593039353311812;"LANDSAT_7";53,63591;39,863449;223;66;2004;2004-08-11;"NDVI TEI 567028-C"
11;4,49;2,947;3,387;0,647305243867421;"LANDSAT_7";79,104042;29,295471;223;66;2004;2004-09-28;"NDVI TEI 567028-C"
0;6,07;3,055;5,245;0,795749959306243;"LANDSAT_7";63,65451;35,084873;223;66;2005;2005-04-08;"NDVI TEI 567028-C"
0;4,662;3,127;3,458;0,754525706010138;"LANDSAT_7";42,841171;43,80793;223;66;2005;2005-06-11;"NDVI TEI 567028-C"
1;4,931;2,57;4,208;0,696028231273565;"LANDSAT_7";45,683586;43,966385;223;66;2005;2005-07-13;"NDVI TEI 567028-C"
0;4,353;2,379;3,646;0,659283555122594;"LANDSAT_7";49,396782;42,133659;223;66;2005;2005-07-29;"NDVI TEI 567028-C"
1;4,446;2,79;3,461;0,596726442673907;"LANDSAT_7";54,536556;39,205238;223;66;2005;2005-08-14;"NDVI TEI 567028-C"
8;4,664;2,56;3,899;0,474922573444218;"LANDSAT_7";61,287743;35,56823;223;66;2005;2005-08-30;"NDVI TEI 567028-C"
6;5,801;3,009;4,96;0,148347634023922;"LANDSAT_7";70,062561;31,824837;223;66;2005;2005-09-15;"NDVI TEI 567028-C"
0;3,933;2,572;2,975;0,547838379904413;"LANDSAT_7";81,119934;28,729321;223;66;2005;2005-10-01;"NDVI TEI 567028-C"
14;4,883;3,01;3,845;0,768857609138937;"LANDSAT_7";112,674828;34,364662;223;66;2006;2006-01-21;"NDVI TEI 567028-C"
0;3,833;2,606;2,811;0,760915380296936;"LANDSAT_7";42,732479;43,961449;223;66;2006;2006-06-14;"NDVI TEI 567028-C"
0;4,754;2,918;3,753;0,737138263665595;"LANDSAT_7";43,633034;44,464432;223;66;2006;2006-06-30;"NDVI TEI 567028-C"
1;4,348;2,899;3,24;0,706505658906362;"LANDSAT_7";46,154934;43,684441;223;66;2006;2006-07-16;"NDVI TEI 567028-C"
3;3,8;2,448;2,907;0,637522043946067;"LANDSAT_7";50,125526;41,644253;223;66;2006;2006-08-01;"NDVI TEI 567028-C"
1;3,974;2,65;2,961;0,614046639064128;"LANDSAT_7";55,436764;38,493687;223;66;2006;2006-08-17;"NDVI TEI 567028-C"
3;4,417;2,848;3,376;0,554035458439395;"LANDSAT_7";62,603016;34,85186;223;66;2006;2006-09-02;"NDVI TEI 567028-C"
0;4,263;2,829;3,189;0,548350856246101;"LANDSAT_7";71,769699;31,155685;223;66;2006;2006-09-18;"NDVI TEI 567028-C"
10;5,441;4,417;3,178;0,786520331330364;"LANDSAT_7";111,52919;34,305695;223;66;2007;2007-01-24;"NDVI TEI 567028-C"
3;5,94;2,791;5,244;0,817345794932256;"LANDSAT_7";93,376465;33,544056;223;66;2007;2007-02-25;"NDVI TEI 567028-C"
1;4,325;2,578;3,473;0,774165764590715;"LANDSAT_7";46,356693;40,43589;223;66;2007;2007-05-16;"NDVI TEI 567028-C"
3;4,178;2,895;3,013;0,741074364702665;"LANDSAT_7";43,384384;42,660889;223;66;2007;2007-06-01;"NDVI TEI 567028-C"
0;4,479;2,891;3,421;0,743292376917094;"LANDSAT_7";42,68502;44,085892;223;66;2007;2007-06-17;"NDVI TEI 567028-C"
6;4,361;2,829;3,319;0,59698422829727;"LANDSAT_7";43,885811;44,373318;223;66;2007;2007-07-03;"NDVI TEI 567028-C"
0;4,715;2,958;3,672;0,569437258314039;"LANDSAT_7";56,548351;37,880718;223;66;2007;2007-08-20;"NDVI TEI 567028-C"
0;4,508;2,755;3,568;0,522359236483869;"LANDSAT_7";63,958275;34,118095;223;66;2007;2007-09-05;"NDVI TEI 567028-C"
6;4,069;2,874;2,881;0,498939721916895;"LANDSAT_7";73,554329;30,502869;223;66;2007;2007-09-21;"NDVI TEI 567028-C"
7;4,563;3,025;3,416;0,784939032428675;"LANDSAT_7";45,792492;40,954739;223;66;2008;2008-05-18;"NDVI TEI 567028-C"
2;5,023;3,659;3,441;0,7769362927569;"LANDSAT_7";43,247643;43,077507;223;66;2008;2008-06-03;"NDVI TEI 567028-C"
0;4,403;2,961;3,258;0,722406778139648;"LANDSAT_7";42,911846;44,332878;223;66;2008;2008-06-19;"NDVI TEI 567028-C"
0;4,191;2,559;3,319;0,693811074918567;"LANDSAT_7";44,416958;44,416378;223;66;2008;2008-07-05;"NDVI TEI 567028-C"
0;4,236;2,958;3,032;0,500931098696462;"LANDSAT_7";47,464241;43,202496;223;66;2008;2008-07-21;"NDVI TEI 567028-C"
1;4,395;2,658;3,5;0,470448925692149;"LANDSAT_7";51,929836;40,779198;223;66;2008;2008-08-06;"NDVI TEI 567028-C"
5;4,678;3,157;3,452;0,509232093229001;"LANDSAT_7";57,8773;37,441021;223;66;2008;2008-08-22;"NDVI TEI 567028-C"
12;4,289;2,589;3,42;0,448540132443044;"LANDSAT_7";65,638893;33,682655;223;66;2008;2008-09-07;"NDVI TEI 567028-C"
0;5,335;3,674;3,868;0,313714246993492;"LANDSAT_7";87,632919;27,7682;223;66;2008;2008-10-09;"NDVI TEI 567028-C"
11;4,662;3,486;3,095;0,296060702875794;"LANDSAT_7";100,288162;26,894135;223;66;2008;2008-10-25;"NDVI TEI 567028-C"
6;4,559;3,355;3,087;0,738922112073763;"LANDSAT_7";115,607269;34,165951;223;66;2009;2009-01-13;"NDVI TEI 567028-C"
0;4,588;3,046;3,431;0,649020385626098;"LANDSAT_7";42,829884;44,238991;223;66;2009;2009-06-22;"NDVI TEI 567028-C"
0;4,658;3,162;3,42;0,607915501110423;"LANDSAT_7";44,589325;44,082924;223;66;2009;2009-07-08;"NDVI TEI 567028-C"
4;4,347;3,09;3,057;0,533611849601215;"LANDSAT_7";52,525692;39,983852;223;66;2009;2009-08-09;"NDVI TEI 567028-C"
13;5,132;3,309;3,923;0,768984162338752;"LANDSAT_7";114,826996;33,862198;223;66;2010;2010-01-16;"NDVI TEI 567028-C"
8;4,492;3,021;3,324;0,742871856934753;"LANDSAT_7";55,144634;36,278625;223;66;2010;2010-04-22;"NDVI TEI 567028-C"
1;4,541;2,951;3,452;0,709416735063756;"LANDSAT_7";48,229237;38,789997;223;66;2010;2010-05-08;"NDVI TEI 567028-C"
14;4,846;3,047;3,768;0,612721879378517;"LANDSAT_7";42,254509;43,116371;223;66;2010;2010-06-09;"NDVI TEI 567028-C"
0;4,39;3,277;2,921;0,61699153430445;"LANDSAT_7";42,577538;43,975349;223;66;2010;2010-06-25;"NDVI TEI 567028-C"
9;4,179;2,884;3,025;0,562520193861066;"LANDSAT_7";44,612045;43,576611;223;66;2010;2010-07-11;"NDVI TEI 567028-C"
0;4,111;2,761;3,046;0,514472172786274;"LANDSAT_7";48,120037;41,87516;223;66;2010;2010-07-27;"NDVI TEI 567028-C"
0;4,221;2,882;3,084;0,453408380237649;"LANDSAT_7";53,036175;39,026993;223;66;2010;2010-08-12;"NDVI TEI 567028-C"
0;4,185;2,641;3,246;0,38999337756638;"LANDSAT_7";59,537251;35,394882;223;66;2010;2010-08-28;"NDVI TEI 567028-C"
0;4,664;3,362;3,233;0,38912676954886;"LANDSAT_7";68,070908;31,554276;223;66;2010;2010-09-13;"NDVI TEI 567028-C"
14;4,388;2,823;3,36;0,485877318116976;"LANDSAT_7";91,860489;26,226273;223;66;2010;2010-10-15;"NDVI TEI 567028-C"
4;4,434;3,123;3,147;0,69321922317314;"LANDSAT_7";41,845764;43,116177;223;66;2011;2011-06-12;"NDVI TEI 567028-C"
0;4,473;3,126;3,2;0,66548663213375;"LANDSAT_7";42,504272;43,770351;223;66;2011;2011-06-28;"NDVI TEI 567028-C"
0;4,055;2,87;2,865;0,581029416834816;"LANDSAT_7";48,585396;41,224876;223;66;2011;2011-07-30;"NDVI TEI 567028-C"
6;4,524;3,076;3,318;0,548414485193026;"LANDSAT_7";53,766232;38,201431;223;66;2011;2011-08-15;"NDVI TEI 567028-C"
1;4,598;3,118;3,379;0,500293785458273;"LANDSAT_7";60,603497;34,480949;223;66;2011;2011-08-31;"NDVI TEI 567028-C"
0;4,151;2,823;3,043;0,467296691532495;"LANDSAT_7";69,571518;30,666859;223;66;2011;2011-09-16;"NDVI TEI 567028-C"
10;5,661;4,277;3,709;0,704870409515686;"LANDSAT_7";120,671181;29,622128;223;66;2011;2011-12-05;"NDVI TEI 567028-C"
4;4,584;3,278;3,205;0,755361294015661;"LANDSAT_7";51,975002;36,724876;223;66;2012;2012-04-27;"NDVI TEI 567028-C"
12;4,839;3,425;3,419;0,760268239188181;"LANDSAT_7";46,013477;39,332478;223;66;2012;2012-05-13;"NDVI TEI 567028-C"
2;4,533;3,39;3,009;0,794485692696935;"LANDSAT_7";42,664177;41,643658;223;66;2012;2012-05-29;"NDVI TEI 567028-C"
0;4,679;3,261;3,355;0,466822241192589;"LANDSAT_7";49,030003;40,489475;223;66;2012;2012-08-01;"NDVI TEI 567028-C"
0;4,312;2,999;3,098;0,340705176406378;"LANDSAT_7";54,419735;37,244377;223;66;2012;2012-08-17;"NDVI TEI 567028-C"
0;4,669;3,159;3,438;0,278607837003244;"LANDSAT_7";61,558353;33,374435;223;66;2012;2012-09-02;"NDVI TEI 567028-C"
0;4,213;3,165;2,78;0,271830060586586;"LANDSAT_7";45,532539;42,290848;223;66;2013;2013-07-19;"NDVI TEI 567028-C"
0;4,191;2,844;3,078;0,275619954654404;"LANDSAT_7";49,789341;39,948769;223;66;2013;2013-08-04;"NDVI TEI 567028-C"
2;4,381;2,839;3,337;0,264539210740739;"LANDSAT_7";55,468014;36,562149;223;66;2013;2013-08-20;"NDVI TEI 567028-C"
5;4,453;3,202;3,095;0,370201396473837;"LANDSAT_7";110,693207;25,71962;223;66;2013;2013-11-08;"NDVI TEI 567028-C"
11;4,423;2,629;3,557;0,538072341129595;"LANDSAT_7";56,664989;34,507439;223;66;2014;2014-04-17;"NDVI TEI 567028-C"
14;5,883;3,319;4,857;0,461740525663609;"LANDSAT_7";43,754463;39,622849;223;66;2014;2014-05-19;"NDVI TEI 567028-C"
0;6,355;3,004;5,6;0,552643042089624;"LANDSAT_7";41,301769;41,762009;223;66;2014;2014-06-04;"NDVI TEI 567028-C"
0;5,137;3,223;4;0,456071964017991;"LANDSAT_7";42,605701;42,943062;223;66;2014;2014-07-06;"NDVI TEI 567028-C"
2;4,027;2,929;2,764;0,33796468377936;"LANDSAT_7";45,667053;41,580891;223;66;2014;2014-07-22;"NDVI TEI 567028-C"
5;4,55;3,13;3,302;0,298051231107746;"LANDSAT_7";50,128456;38,985931;223;66;2014;2014-08-07;"NDVI TEI 567028-C"
3;6,615;2,756;6,014;0,276125936968672;"LANDSAT_7";56,111359;35,451981;223;66;2014;2014-08-23;"NDVI TEI 567028-C"
0;4,12;3,114;2,697;0,307079008450061;"LANDSAT_7";64,044136;31,500839;223;66;2014;2014-09-08;"NDVI TEI 567028-C"
8;4,398;3,298;2,909;0,393926244998094;"LANDSAT_7";74,456337;27,814846;223;66;2014;2014-09-24;"NDVI TEI 567028-C"
0;6,383;4,495;4,532;0,475738680395035;"LANDSAT_7";87,403427;25,261955;223;66;2014;2014-10-10;"NDVI TEI 567028-C"
4;5,03;3,759;3,342;0,659527683277509;"LANDSAT_7";121,025208;31,374847;223;66;2014;2014-12-29;"NDVI TEI 567028-C"
1;6,06;3,368;5,038;0,752375464665318;"LANDSAT_7";109,461983;32,196991;223;66;2015;2015-01-30;"NDVI TEI 567028-C"
12;4,177;2,855;3,049;0,721333520000162;"LANDSAT_7";100,079376;31,694149;223;66;2015;2015-02-15;"NDVI TEI 567028-C"
1;5,009;3,663;3,417;0,577225130890052;"LANDSAT_7";40,675426;42,701538;223;66;2015;2015-06-23;"NDVI TEI 567028-C"
1;4,737;3,238;3,457;0,455982479149539;"LANDSAT_7";45,822014;40,82526;223;66;2015;2015-07-25;"NDVI TEI 567028-C"
4;4,77;3,216;3,523;0,302167360969413;"LANDSAT_7";76,209557;26,772572;223;66;2015;2015-09-27;"NDVI TEI 567028-C"
0;8,358;4,262;7,19;0,813190371687345;"LANDSAT_7";98,321884;30,828232;223;66;2016;2016-02-18;"NDVI TEI 567028-C"
5;6,581;3,304;5,691;0,749037065460739;"LANDSAT_7";52,337227;34,307384;223;66;2016;2016-04-22;"NDVI TEI 567028-C"
0;4,21;2,985;2,969;0,745603847284043;"LANDSAT_7";45,404427;37,017891;223;66;2016;2016-05-08;"NDVI TEI 567028-C"
0;5,491;3,183;4,474;0,69999731660071;"LANDSAT_7";41,314541;39,590179;223;66;2016;2016-05-24;"NDVI TEI 567028-C"
0;4,573;3,095;3,367;0,507061197041022;"LANDSAT_7";40,16375;42,278187;223;66;2016;2016-06-25;"NDVI TEI 567028-C"
0;5,141;3,353;3,897;0,444013630461845;"LANDSAT_7";42,287746;41,767273;223;66;2016;2016-07-11;"NDVI TEI 567028-C"
0;5,529;4,018;3,798;0,382003102232242;"LANDSAT_7";45,833302;39,900608;223;66;2016;2016-07-27;"NDVI TEI 567028-C"
0;4,353;3,095;3,061;0,356868395120582;"LANDSAT_7";50,786793;36,871712;223;66;2016;2016-08-12;"NDVI TEI 567028-C"
9;5,302;3,216;4,215;0,331139443076994;"LANDSAT_7";66,282356;29,02457;223;66;2016;2016-09-13;"NDVI TEI 567028-C"
11;4,99;3,073;3,931;0,537936466264111;"LANDSAT_7";92,129837;23,635895;223;66;2016;2016-10-15;"NDVI TEI 567028-C"
12;5,208;4,058;3,265;0,635930502004476;"LANDSAT_7";106,076103;23,617943;223;66;2016;2016-10-31;"NDVI TEI 567028-C"
2;5;3,258;3,793;0,714035190604101;"LANDSAT_7";60,215057;32,360672;223;66;2017;2017-04-09;"NDVI TEI 567028-C"
2;4,375;2,996;3,188;0,61152212592334;"LANDSAT_7";40,870018;39,976669;223;66;2017;2017-05-27;"NDVI TEI 567028-C"
1;4,723;3,118;3,547;0,569600887078542;"LANDSAT_7";39,662788;41,706337;223;66;2017;2017-06-12;"NDVI TEI 567028-C"
10;5,301;3,761;3,735;0,380476556495004;"LANDSAT_7";40,432499;42,29612;223;66;2017;2017-06-28;"NDVI TEI 567028-C"
0;4,648;3,08;3,481;0,495829483788661;"LANDSAT_7";42,813873;41,545361;223;66;2017;2017-07-14;"NDVI TEI 567028-C"
0;4,744;3,416;3,292;0,442128887463931;"LANDSAT_7";46,610176;39,473351;223;66;2017;2017-07-30;"NDVI TEI 567028-C"
0;3,961;2,602;2,986;0,399282842993188;"LANDSAT_7";51,819199;36,273945;223;66;2017;2017-08-15;"NDVI TEI 567028-C"
0;4,367;3,281;2,882;0,345043832929429;"LANDSAT_7";58,787861;32,373966;223;66;2017;2017-08-31;"NDVI TEI 567028-C"
4;3,944;2,989;2,573;0,313066217653543;"LANDSAT_7";68,121475;28,398464;223;66;2017;2017-09-16;"NDVI TEI 567028-C"
4;4,393;3,094;3,118;0,341405468095454;"LANDSAT_7";94,652573;23,539932;223;66;2017;2017-10-18;"NDVI TEI 567028-C"
5;4,366;2,967;3,203;0,676648431982262;"LANDSAT_7";122,444389;27,906834;223;66;2017;2017-12-05;"NDVI TEI 567028-C"
0;4,906;3,141;3,769;0,745650500053769;"LANDSAT_7";50,085106;35,559292;223;66;2018;2018-04-28;"NDVI TEI 567028-C"
3;4,908;3,513;3,428;0,687093461143444;"LANDSAT_7";44,247993;38,317039;223;66;2018;2018-05-14;"NDVI TEI 567028-C"
2;4,431;3,51;2,704;0,661166615978419;"LANDSAT_7";41,136505;40,742908;223;66;2018;2018-05-30;"NDVI TEI 567028-C"
1;4,83;3,116;3,69;0,626666666666667;"LANDSAT_7";40,356297;42,344131;223;66;2018;2018-06-15;"NDVI TEI 567028-C"
0;4,944;3,69;3,29;0,585833032164799;"LANDSAT_7";41,484299;42,773014;223;66;2018;2018-07-01;"NDVI TEI 567028-C"
0;4,983;3,75;3,281;0,532173369174777;"LANDSAT_7";44,193771;41,868416;223;66;2018;2018-07-17;"NDVI TEI 567028-C"
4;4,886;3,754;3,127;0,477652528179128;"LANDSAT_7";48,296349;39,67651;223;66;2018;2018-08-02;"NDVI TEI 567028-C"
10;4,302;3,189;2,887;0,456076134699854;"LANDSAT_7";53,858013;36,445301;223;66;2018;2018-08-18;"NDVI TEI 567028-C"
1;4,786;3,287;3,479;0,417282432596385;"LANDSAT_7";61,208881;32,615734;223;66;2018;2018-09-03;"NDVI TEI 567028-C"
10;4,526;3,081;3,316;0,729296192391852;"LANDSAT_7";109,340309;25,376053;223;66;2018;2018-11-06;"NDVI TEI 567028-C"
10;4,24;2,832;3,155;0,815752053694942;"LANDSAT_7";117,728592;32,80909;223;66;2019;2019-01-09;"NDVI TEI 567028-C"
0;5,485;4,465;3,186;0,698882936665297;"LANDSAT_7";43,236774;42,723469;223;66;2019;2019-06-02;"NDVI TEI 567028-C"
7;6,181;3,44;5,135;0,614663942953199;"LANDSAT_7";44,237213;44,488091;223;66;2019;2019-07-04;"NDVI TEI 567028-C"
0;6,083;3,176;5,188;0,565696227968482;"LANDSAT_7";47,2323;43,50531;223;66;2019;2019-07-20;"NDVI TEI 567028-C"
0;5,092;4,14;2,964;0,456376365790361;"LANDSAT_7";57,501404;38,171219;223;66;2019;2019-08-21;"NDVI TEI 567028-C"
7;4,564;3,394;3,052;0,70778596428766;"LANDSAT_7";98,760185;27,866985;223;66;2019;2019-10-24;"NDVI TEI 567028-C"
1;6,55;3,556;5,501;0,680740740740741;"LANDSAT_7";46,663895;47,453388;223;66;2020;2020-06-20;"NDVI TEI 567028-C"
3;5,195;3,415;3,915;0,645758684153924;"LANDSAT_7";48,345211;47,697136;223;66;2020;2020-07-06;"NDVI TEI 567028-C"
0;4,705;3,218;3,433;0,59041891548656;"LANDSAT_7";51,587887;46,739925;223;66;2020;2020-07-22;"NDVI TEI 567028-C"
0;8,614;3,598;7,827;0,553118574366004;"LANDSAT_7";56,225769;44,65659;223;66;2020;2020-08-07;"NDVI TEI 567028-C"
7;4,499;3,156;3,206;0,494402985074627;"LANDSAT_7";62,259922;41,746235;223;66;2020;2020-08-23;"NDVI TEI 567028-C"
0;5,204;4,068;3,246;0,437108383226731;"LANDSAT_7";69,822777;38,480469;223;66;2020;2020-09-08;"NDVI TEI 567028-C"
7;5,35;3,475;4,068;0,604978294933355;"LANDSAT_7";108,788635;33,891064;223;66;2020;2020-11-11;"NDVI TEI 567028-C"
5;4,479;3,32;3,006;0,747376408384626;"LANDSAT_7";116,810509;38,078838;223;66;2020;2020-12-13;"NDVI TEI 567028-C"
3;5,557;2,975;4,693;0,805490666063725;"LANDSAT_7";115,90873;40,071827;223;66;2020;2020-12-29;"NDVI TEI 567028-C"
0;8,416;4,943;6,812;0,728168535507985;"LANDSAT_5";48,289597;45,565605;223;66;1985;1985-05-27;"NDVI TEI 567028-C"
0;5,782;3,221;4,802;0,665108307974215;"LANDSAT_5";49,693989;47,423985;223;66;1985;1985-07-14;"NDVI TEI 567028-C"
4;7,323;4,424;5,836;0,777934804131662;"LANDSAT_5";94,922768;39,369556;223;66;1986;1986-02-23;"NDVI TEI 567028-C"
0;6,05;5,011;3,39;0,69824073172397;"LANDSAT_5";48,059864;48,57365;223;66;1986;1986-06-15;"NDVI TEI 567028-C"
4;5,034;3,372;3,738;0,637139503048578;"LANDSAT_5";48,967884;49,174694;223;66;1986;1986-07-01;"NDVI TEI 567028-C"
0;4,733;3,234;3,456;0,515022448107473;"LANDSAT_5";51,551743;48,618073;223;66;1986;1986-07-17;"NDVI TEI 567028-C"
4;6,21;4,894;3,823;0,768438547450418;"LANDSAT_5";105,688622;34,369297;223;66;1986;1986-11-06;"NDVI TEI 567028-C"
0;5,383;4,135;3,446;0,65709945485405;"LANDSAT_5";48,927551;48,78706;223;66;1987;1987-07-04;"NDVI TEI 567028-C"
0;5,544;3,696;4,132;0,592253917575537;"LANDSAT_5";51,606968;47,831028;223;66;1987;1987-07-20;"NDVI TEI 567028-C"
10;5,686;3,719;4,301;0,452711565578863;"LANDSAT_5";68,268593;39,097115;223;66;1987;1987-09-06;"NDVI TEI 567028-C"
5;5,364;3,917;3,665;0,707726866504381;"LANDSAT_5";49,78051;44,536587;223;66;1988;1988-05-19;"NDVI TEI 567028-C"
4;4,393;3,114;3,098;0,684848484848485;"LANDSAT_5";48,290813;47,689491;223;66;1988;1988-07-06;"NDVI TEI 567028-C"
2;4,774;3,476;3,272;0,65315861774762;"LANDSAT_5";51,320393;46,553017;223;66;1988;1988-07-22;"NDVI TEI 567028-C"
11;4,927;3,675;3,282;0,481613314518558;"LANDSAT_5";69,081749;37,564667;223;66;1988;1988-09-08;"NDVI TEI 567028-C"
8;4,744;3,468;3,237;0,108338804990151;"LANDSAT_5";78,304985;34,294182;223;66;1988;1988-09-24;"NDVI TEI 567028-C"
4;5,59;3,3;4,512;0,711622007579028;"LANDSAT_5";100,057793;31,210197;223;66;1988;1988-10-26;"NDVI TEI 567028-C"
4;6,717;5,052;4,426;0,755192140406962;"LANDSAT_5";54,017883;43,024433;223;66;1989;1989-05-06;"NDVI TEI 567028-C"
9;5,857;3,447;4,735;0,731443994601889;"LANDSAT_5";49,588295;45,279083;223;66;1989;1989-05-22;"NDVI TEI 567028-C"
1;8,813;6,989;5,369;0,694008559201141;"LANDSAT_5";47,491867;48,217224;223;66;1989;1989-06-23;"NDVI TEI 567028-C"
0;4,493;2,84;3,482;0,623642172523962;"LANDSAT_5";57,358749;44,587753;223;66;1989;1989-08-10;"NDVI TEI 567028-C"
0;5,3;3,694;3,801;0,719955898566703;"LANDSAT_5";50,607853;47,19125;223;66;1990;1990-05-25;"NDVI TEI 567028-C"
0;5,306;3,34;4,123;0,697666601527658;"LANDSAT_5";48,815273;48,856907;223;66;1990;1990-06-10;"NDVI TEI 567028-C"
0;5,594;3,647;4,242;0,681293302540416;"LANDSAT_5";49,062248;49,697689;223;66;1990;1990-06-26;"NDVI TEI 567028-C"
3;5,941;3,679;4,665;0,731711513381007;"LANDSAT_5";53,421223;45,050411;223;66;1991;1991-05-12;"NDVI TEI 567028-C"
0;4,942;3,372;3,613;0,739378466066245;"LANDSAT_5";49,717361;47,070957;223;66;1991;1991-05-28;"NDVI TEI 567028-C"
0;5,619;3,581;4,33;0,711639031050512;"LANDSAT_5";48,255672;48,593647;223;66;1991;1991-06-13;"NDVI TEI 567028-C"
1;4,898;3,62;3,3;0,674794634903334;"LANDSAT_5";48,796635;49,202248;223;66;1991;1991-06-29;"NDVI TEI 567028-C"
0;4,669;3,38;3,221;0,489726860255934;"LANDSAT_5";59,850552;44,260937;223;66;1991;1991-08-16;"NDVI TEI 567028-C"
14;5,919;4,805;3,456;0,603742976602118;"LANDSAT_5";94,871841;33,045757;223;66;1991;1991-10-19;"NDVI TEI 567028-C"
10;5,234;3,654;3,748;0,642905342167216;"LANDSAT_5";65,704018;41,208729;223;66;1992;1992-04-12;"NDVI TEI 567028-C"
7;4,481;3,201;3,136;0,602217602217602;"LANDSAT_5";51,62661;48,524349;223;66;1992;1992-07-17;"NDVI TEI 567028-C"
0;4,84;3,723;3,092;0,563021770288038;"LANDSAT_5";55,652962;46,708897;223;66;1992;1992-08-02;"NDVI TEI 567028-C"
0;4,494;3,24;3,114;0,451831457453257;"LANDSAT_5";61,043087;43,933655;223;66;1992;1992-08-18;"NDVI TEI 567028-C"
3;6,524;4,396;4,821;0,0245235968935132;"LANDSAT_5";76,310196;37,34486;223;66;1992;1992-09-19;"NDVI TEI 567028-C"
8;5,678;4,692;3,198;0,678787878787879;"LANDSAT_5";86,175369;34,802353;223;66;1992;1992-10-05;"NDVI TEI 567028-C"
2;5,226;3,851;3,533;0,681204122576859;"LANDSAT_5";48,276367;48,9804;223;66;1993;1993-06-18;"NDVI TEI 567028-C"
0;4,806;3,373;3,424;0,609179885251434;"LANDSAT_5";52,262333;48,364506;223;66;1993;1993-07-20;"NDVI TEI 567028-C"
8;4,449;3,273;3,013;0,554267383657932;"LANDSAT_5";56,489708;46,317944;223;66;1993;1993-08-05;"NDVI TEI 567028-C"
6;4,492;3,303;3,044;0,760419148438905;"LANDSAT_5";98,424393;33,28447;223;66;1993;1993-10-24;"NDVI TEI 567028-C"
4;6,921;5,224;4,54;0,74727579812054;"LANDSAT_5";63,407284;42,584736;223;66;1994;1994-04-18;"NDVI TEI 567028-C"
0;5,56;3,303;4,472;0,740550620870819;"LANDSAT_5";56,474861;44,537674;223;66;1994;1994-05-04;"NDVI TEI 567028-C"
0;5,374;3,574;4,013;0,664420917548925;"LANDSAT_5";51,761574;46,712482;223;66;1994;1994-05-20;"NDVI TEI 567028-C"
4;4,334;3,039;3,09;0,553967441199403;"LANDSAT_5";58,161819;46,900772;223;66;1994;1994-08-08;"NDVI TEI 567028-C"
1;4,679;3,374;3,242;0,678714859437751;"LANDSAT_5";53,072517;52,440907;223;66;1995;1995-07-10;"NDVI TEI 567028-C"
0;4,464;3,114;3,198;0,650805545147995;"LANDSAT_5";56,419102;51,431904;223;66;1995;1995-07-26;"NDVI TEI 567028-C"
0;4,513;3,088;3,291;0,594315869822052;"LANDSAT_5";61,125084;49,403976;223;66;1995;1995-08-11;"NDVI TEI 567028-C"
9;5,118;3,608;3,63;0,743673286147668;"LANDSAT_5";52,041077;48,916798;223;66;1996;1996-05-25;"NDVI TEI 567028-C"
0;4,754;3,202;3,514;0,753490004252329;"LANDSAT_5";50,131897;50,337658;223;66;1996;1996-06-10;"NDVI TEI 567028-C"
0;4,3;2,851;3,219;0,715394651150107;"LANDSAT_5";50,245396;50,976871;223;66;1996;1996-06-26;"NDVI TEI 567028-C"
1;4,333;2,995;3,131;0,641552638165661;"LANDSAT_5";55,481468;48,917015;223;66;1996;1996-07-28;"NDVI TEI 567028-C"
0;4,066;2,749;2,996;0,409847613199469;"LANDSAT_5";66,372169;42,875877;223;66;1996;1996-08-29;"NDVI TEI 567028-C"
1;4,378;3,055;3,136;0,466514927716125;"LANDSAT_5";74,025444;39,318188;223;66;1996;1996-09-14;"NDVI TEI 567028-C"
0;4,803;3,256;3,531;0,718492134983607;"LANDSAT_5";48,37603;45,936943;223;66;1997;1997-05-28;"NDVI TEI 567028-C"
0;3,931;2,696;2,861;0,559319212974727;"LANDSAT_5";58,638367;42,415722;223;66;1997;1997-08-16;"NDVI TEI 567028-C"
0;4,835;3,388;3,45;0,804013091461197;"LANDSAT_5";105,780701;30,657639;223;66;1997;1997-11-04;"NDVI TEI 567028-C"
4;4,381;2,995;3,198;0,717484043508836;"LANDSAT_5";46,204147;44,665886;223;66;1998;1998-05-31;"NDVI TEI 567028-C"
0;4,341;2,981;3,156;0,731232189987023;"LANDSAT_5";45,257702;46,071445;223;66;1998;1998-06-16;"NDVI TEI 567028-C"
1;4,235;2,795;3,182;0,682483053870852;"LANDSAT_5";46,258034;46,424049;223;66;1998;1998-07-02;"NDVI TEI 567028-C"
1;4,09;2,768;3,011;0,637907771227745;"LANDSAT_5";48,872227;45,545948;223;66;1998;1998-07-18;"NDVI TEI 567028-C"
12;4,334;2,783;3,322;0,0720118782479584;"LANDSAT_5";65,50856;36,737396;223;66;1998;1998-09-04;"NDVI TEI 567028-C"
8;5,173;3,824;3,484;0,774310095289011;"LANDSAT_5";118,817772;33,312393;223;66;1998;1998-12-09;"NDVI TEI 567028-C"
4;4,504;3,17;3,2;0,768133911965282;"LANDSAT_5";101,935265;36,606499;223;66;1999;1999-02-11;"NDVI TEI 567028-C"
0;4,233;2,998;2,989;0,709076803723817;"LANDSAT_5";45,287506;46,206734;223;66;1999;1999-06-19;"NDVI TEI 567028-C"
0;4,007;2,777;2,889;0,690225563909775;"LANDSAT_5";46,651985;46,418888;223;66;1999;1999-07-05;"NDVI TEI 567028-C"
4;4,6;3,254;3,251;0,801949339507188;"LANDSAT_5";118,508331;34,513012;223;66;1999;1999-12-12;"NDVI TEI 567028-C"
1;4,362;2,953;3,21;0,800281432379079;"LANDSAT_5";108,264275;37,967899;223;66;2000;2000-01-29;"NDVI TEI 567028-C"
2;3,794;2,702;2,664;0,737593984962406;"LANDSAT_5";46,043392;45,570545;223;66;2000;2000-06-05;"NDVI TEI 567028-C"
0;3,374;2,338;2,433;0,675300985041955;"LANDSAT_5";47,300797;46,535393;223;66;2000;2000-07-07;"NDVI TEI 567028-C"
2;3,843;2,606;2,824;0,639899171768095;"LANDSAT_5";50,392361;45,205078;223;66;2000;2000-07-23;"NDVI TEI 567028-C"
3;2,535;1,679;1,899;0,610841644046727;"LANDSAT_5";54,895596;42,717548;223;66;2000;2000-08-08;"NDVI TEI 567028-C"
0;3,373;2,471;2,296;0,567260961337498;"LANDSAT_5";60,857231;39,366917;223;66;2000;2000-08-24;"NDVI TEI 567028-C"
11;3,857;2,673;2,78;0,694490206293127;"LANDSAT_5";89,499695;29,967396;223;66;2000;2000-10-11;"NDVI TEI 567028-C"
12;4,528;3,128;3,274;0,661173787425194;"LANDSAT_5";51,253597;40,912849;223;66;2001;2001-05-07;"NDVI TEI 567028-C"
1;4,144;2,946;2,915;0,672461752433936;"LANDSAT_5";47,034451;45,764938;223;66;2001;2001-07-10;"NDVI TEI 567028-C"
0;3,809;2,751;2,635;0,630002623958516;"LANDSAT_5";50,457787;44,255955;223;66;2001;2001-07-26;"NDVI TEI 567028-C"
10;3,864;2,837;2,623;0,485260983172034;"LANDSAT_5";55,285526;41,623611;223;66;2001;2001-08-11;"NDVI TEI 567028-C"
0;3,732;2,636;2,642;0,454104816722205;"LANDSAT_5";61,613403;38,215256;223;66;2001;2001-08-27;"NDVI TEI 567028-C"
1;3,934;2,563;2,985;0,675258104108007;"LANDSAT_5";48,798721;46,094597;223;66;2003;2003-07-16;"NDVI TEI 567028-C"
4;3,583;2,231;2,804;0,607823592452563;"LANDSAT_5";52,637302;44,152016;223;66;2003;2003-08-01;"NDVI TEI 567028-C"
8;3,907;2,683;2,84;0,663062020171709;"LANDSAT_5";83,929703;31,066154;223;66;2003;2003-10-04;"NDVI TEI 567028-C"
13;4,36;2,864;3,288;0,71381839706691;"LANDSAT_5";95,615784;29,550789;223;66;2003;2003-10-20;"NDVI TEI 567028-C"
6;4,459;3,119;3,186;0,704841961979798;"LANDSAT_5";45,447151;44,142796;223;66;2004;2004-05-31;"NDVI TEI 567028-C"
0;4,289;3,11;2,953;0,708742534714086;"LANDSAT_5";44,539848;45,486832;223;66;2004;2004-06-16;"NDVI TEI 567028-C"
6;4,419;2,975;3,268;0,687379390196835;"LANDSAT_5";45,555634;45,745888;223;66;2004;2004-07-02;"NDVI TEI 567028-C"
2;4,478;3,143;3,19;0,636645142275331;"LANDSAT_5";48,188145;44,743725;223;66;2004;2004-07-18;"NDVI TEI 567028-C"
11;4,395;3,009;3,204;0,564234990316333;"LANDSAT_5";57,740742;39,295643;223;66;2004;2004-08-19;"NDVI TEI 567028-C"
1;4,259;2,811;3,2;0,579424125088533;"LANDSAT_5";64,917648;35,530468;223;66;2004;2004-09-04;"NDVI TEI 567028-C"
4;4,341;2,965;3,17;0,578434423090489;"LANDSAT_5";74,146622;31,86729;223;66;2004;2004-09-20;"NDVI TEI 567028-C"
2;4,648;3,134;3,432;0,707710101837345;"LANDSAT_5";46,371761;41,25256;223;66;2005;2005-05-18;"NDVI TEI 567028-C"
6;4,226;3,201;2,759;0,716155700998967;"LANDSAT_5";43,722397;43,334721;223;66;2005;2005-06-03;"NDVI TEI 567028-C"
0;4,071;2,949;2,807;0,683074285635707;"LANDSAT_5";43,286114;44,584423;223;66;2005;2005-06-19;"NDVI TEI 567028-C"
2;4,292;3,09;2,979;0,651465157585501;"LANDSAT_5";44,702148;44,668221;223;66;2005;2005-07-05;"NDVI TEI 567028-C"
1;4,3;2,94;3,138;0,651792280385016;"LANDSAT_5";47,673775;43,457985;223;66;2005;2005-07-21;"NDVI TEI 567028-C"
0;4,107;2,785;3,019;0,619986850756082;"LANDSAT_5";52,064472;41,032875;223;66;2005;2005-08-06;"NDVI TEI 567028-C"
0;4,152;2,975;2,897;0,554239810948775;"LANDSAT_5";57,924858;37,682957;223;66;2005;2005-08-22;"NDVI TEI 567028-C"
0;4,525;3,122;3,276;0,61613396129577;"LANDSAT_5";87,35202;27,853672;223;66;2005;2005-10-09;"NDVI TEI 567028-C"
7;4,395;3,15;3,065;0,738984908781339;"LANDSAT_5";42,352177;42,782742;223;66;2006;2006-06-06;"NDVI TEI 567028-C"
4;4,444;2,982;3,295;0,722537870613565;"LANDSAT_5";42,261997;43,825893;223;66;2006;2006-06-22;"NDVI TEI 567028-C"
0;4,181;2,813;3,093;0,673426573426573;"LANDSAT_5";47,15303;42,138885;223;66;2006;2006-07-24;"NDVI TEI 567028-C"
0;4,218;2,816;3,141;0,625443733995252;"LANDSAT_5";51,750702;39,433296;223;66;2006;2006-08-09;"NDVI TEI 567028-C"
2;5,796;2,906;5,015;0,535941123566802;"LANDSAT_5";65,984482;31,92918;223;66;2006;2006-09-10;"NDVI TEI 567028-C"
1;4,411;2,831;3,383;0,69324277784229;"LANDSAT_5";89,280067;26,068741;223;66;2006;2006-10-12;"NDVI TEI 567028-C"
12;5,327;4,191;3,289;0,732843718967903;"LANDSAT_5";115,320862;33,173569;223;66;2007;2007-01-16;"NDVI TEI 567028-C"
6;5,196;3,265;4,042;0,75088260743723;"LANDSAT_5";47,820465;38,33725;223;66;2007;2007-05-08;"NDVI TEI 567028-C"
0;4,448;3,303;2,979;0,714285714285714;"LANDSAT_5";41,834599;42,783504;223;66;2007;2007-06-09;"NDVI TEI 567028-C"
0;4,617;3,253;3,277;0,700833871608398;"LANDSAT_5";42,164062;43,690849;223;66;2007;2007-06-25;"NDVI TEI 567028-C"
1;4,279;3,157;2,889;0,665372818951484;"LANDSAT_5";44,209892;43,330627;223;66;2007;2007-07-11;"NDVI TEI 567028-C"
0;4,511;3,24;3,139;0,571680641624027;"LANDSAT_5";47,722164;41,662724;223;66;2007;2007-07-27;"NDVI TEI 567028-C"
0;4,194;2,861;3,067;0,56355917630969;"LANDSAT_5";52,634178;38,837818;223;66;2007;2007-08-12;"NDVI TEI 567028-C"
4;4,529;2,997;3,396;0,25974025974026;"LANDSAT_5";59,146832;35,22261;223;66;2007;2007-08-28;"NDVI TEI 567028-C"
0;4,947;3,082;3,87;0,520213043042348;"LANDSAT_5";67,688713;31,383705;223;66;2007;2007-09-13;"NDVI TEI 567028-C"
1;4,811;3,173;3,616;0,590395662306212;"LANDSAT_5";78,663483;28,08242;223;66;2007;2007-09-29;"NDVI TEI 567028-C"
0;4,633;3,282;3,27;0,733340350888408;"LANDSAT_5";43,166302;44,056507;223;66;2008;2008-06-11;"NDVI TEI 567028-C"
0;4,432;3,233;3,032;0,708119325887451;"LANDSAT_5";43,849117;44,818039;223;66;2008;2008-06-27;"NDVI TEI 567028-C"
0;4,703;3,28;3,371;0,659826086956522;"LANDSAT_5";46,216805;44,33588;223;66;2008;2008-07-13;"NDVI TEI 567028-C"
0;4,425;2,946;3,302;0,517029763731206;"LANDSAT_5";50,025539;42,589348;223;66;2008;2008-07-29;"NDVI TEI 567028-C"
0;4,581;3,112;3,362;0,477321457389178;"LANDSAT_5";55,256332;39,764706;223;66;2008;2008-08-14;"NDVI TEI 567028-C"
0;4,41;2,995;3,237;0,450641383156721;"LANDSAT_5";62,079342;36,257133;223;66;2008;2008-08-30;"NDVI TEI 567028-C"
3;4,615;2,894;3,595;0,450103032087136;"LANDSAT_5";70,832497;32,660637;223;66;2008;2008-09-15;"NDVI TEI 567028-C"
14;4,601;3,097;3,403;0,415499005119378;"LANDSAT_5";81,703415;29,716732;223;66;2008;2008-10-01;"NDVI TEI 567028-C"
14;5,521;4,047;3,756;0,768105363203616;"LANDSAT_5";53,66135;37,99107;223;66;2009;2009-04-27;"NDVI TEI 567028-C"
1;4,492;3,075;3,275;0,645009628884624;"LANDSAT_5";43,038746;44,182552;223;66;2009;2009-06-14;"NDVI TEI 567028-C"
1;4,729;3,342;3,346;0,620502539355736;"LANDSAT_5";43,883495;44,618412;223;66;2009;2009-06-30;"NDVI TEI 567028-C"
1;4,711;3,234;3,426;0,584541560732037;"LANDSAT_5";46,358135;43,772625;223;66;2009;2009-07-16;"NDVI TEI 567028-C"
0;4,53;3,176;3,23;0,542139516347096;"LANDSAT_5";50,274189;41,657818;223;66;2009;2009-08-01;"NDVI TEI 567028-C"
0;4,399;2,783;3,407;0,506627393225331;"LANDSAT_5";55,610542;38,501678;223;66;2009;2009-08-17;"NDVI TEI 567028-C"
0;4,25;2,975;3,035;0,508812290411362;"LANDSAT_5";62,643753;34,72403;223;66;2009;2009-09-02;"NDVI TEI 567028-C"
11;5,618;2,951;4,78;0,657218683842424;"LANDSAT_5";59,829746;35,419506;223;66;2010;2010-04-14;"NDVI TEI 567028-C"
1;4,761;3,451;3,28;0,625656585489892;"LANDSAT_5";42,528206;43,949295;223;66;2010;2010-06-17;"NDVI TEI 567028-C"
1;4,526;3,065;3,33;0,594827586206897;"LANDSAT_5";43,75808;44,219505;223;66;2010;2010-07-03;"NDVI TEI 567028-C"
1;4,644;3,319;3,248;0,3851802087186;"LANDSAT_5";63,92429;33,904865;223;66;2010;2010-09-05;"NDVI TEI 567028-C"
0;4,628;3,056;3,475;0,387799264100096;"LANDSAT_5";73,572205;30,285858;223;66;2010;2010-09-21;"NDVI TEI 567028-C"
14;4,671;3,124;3,472;0,417129288593638;"LANDSAT_5";85,451057;27,607624;223;66;2010;2010-10-07;"NDVI TEI 567028-C"
9;4,462;3,182;3,128;0,746454589310878;"LANDSAT_5";58,478355;36,012615;223;66;2011;2011-04-17;"NDVI TEI 567028-C"
0;4,802;3,53;3,256;0,688769792191532;"LANDSAT_5";43,212227;43,060139;223;66;2011;2011-06-04;"NDVI TEI 567028-C"
3;4,49;3,462;2,859;0,633969038240975;"LANDSAT_5";44,437866;44,374752;223;66;2011;2011-07-06;"NDVI TEI 567028-C"
0;4,52;3,064;3,323;0,547025265969361;"LANDSAT_5";51,980915;40,714737;223;66;2011;2011-08-07;"NDVI TEI 567028-C"
1;4,348;2,918;3,224;0,477098654710309;"LANDSAT_5";65,721016;33,601021;223;66;2011;2011-09-08;"NDVI TEI 567028-C"
